work,artistURI,artistName,year_work,year_birth,artist_age,movement
https://artresearch.net/resource/frick/work/991013091589707141,http://vocab.getty.edu/ulan/500002618,John Vanderlyn,1800,1776,24,Neoclassicism
https://artresearch.net/resource/frick/work/991003944339707141,http://www.wikidata.org/entity/Q6220559,John Bannister Gibson,1800,1780,20,
https://artresearch.net/resource/frick/work/991003354489707141,http://vocab.getty.edu/ulan/500116242,Caspar David Friedrich,1800,1774,26,German romanticism
https://artresearch.net/resource/frick/work/991005384509707141,http://vocab.getty.edu/ulan/500008614,John Wesley Jarvis,1800,1780,20,
https://artresearch.net/resource/frick/work/991003981779707141,http://vocab.getty.edu/ulan/500028037,Jean Auguste Dominique Ingres,1800,1780,20,Romanticism
https://artresearch.net/resource/frick/work/991004123399707141,http://vocab.getty.edu/ulan/500028037,Jean Auguste Dominique Ingres,1800,1780,20,Romanticism
https://artresearch.net/resource/frick/work/991003455269707141,http://vocab.getty.edu/ulan/500014391,Philipp Otto Runge,1801,1777,24,German romanticism
https://artresearch.net/resource/frick/work/991002240479707141,http://vocab.getty.edu/ulan/500025767,William Nicholson,1801,1781,20,
https://artresearch.net/resource/frick/work/991001818729707141,http://vocab.getty.edu/ulan/500031518,Francis Legatt Chantrey,1801,1781,20,
https://artresearch.net/resource/frick/work/991000272309707141,http://vocab.getty.edu/ulan/500003683,Thomas Gimbrede,1801,1781,20,
https://artresearch.net/resource/frick/work/991012190059707141,http://vocab.getty.edu/ulan/500021275,Johann Dominik Bossi,1801,1767,34,
https://artresearch.net/resource/frick/work/991013456359707141,http://vocab.getty.edu/ulan/500027085,Charles Fraser,1802,1782,20,
https://artresearch.net/resource/frick/work/991013137649707141,http://vocab.getty.edu/ulan/500028676,William Allan,1802,1782,20,
https://artresearch.net/resource/frick/work/991004497209707141,http://vocab.getty.edu/ulan/500027085,Charles Fraser,1802,1782,20,
https://artresearch.net/resource/frick/work/991002509859707141,http://vocab.getty.edu/ulan/500006697,Henry William Pickersgill,1802,1782,20,Orientalism
https://artresearch.net/resource/frick/work/991001647339707141,http://vocab.getty.edu/ulan/500027729,Andrew Geddes,1803,1783,20,
https://artresearch.net/resource/frick/work/991002590449707141,http://vocab.getty.edu/ulan/500006873,Thomas Sully,1803,1783,20,Neoclassicism
https://artresearch.net/resource/frick/work/991000157529707141,http://vocab.getty.edu/ulan/500006873,Thomas Sully,1803,1783,20,Neoclassicism
https://artresearch.net/resource/frick/work/991013424399707141,http://vocab.getty.edu/ulan/500006873,Thomas Sully,1803,1783,20,Neoclassicism
https://artresearch.net/resource/frick/work/991013225959707141,http://vocab.getty.edu/ulan/500006873,Thomas Sully,1803,1783,20,Neoclassicism
https://artresearch.net/resource/frick/work/991001647119707141,http://vocab.getty.edu/ulan/500027729,Andrew Geddes,1803,1783,20,
https://artresearch.net/resource/frick/work/991013409479707141,http://vocab.getty.edu/ulan/500006873,Thomas Sully,1803,1783,20,Neoclassicism
https://artresearch.net/resource/frick/work/991013381709707141,http://vocab.getty.edu/ulan/500006873,Thomas Sully,1803,1783,20,Neoclassicism
https://artresearch.net/resource/frick/work/991008730479707141,http://vocab.getty.edu/ulan/500026386,Samuel Lovett Waldo,1803,1783,20,
https://artresearch.net/resource/frick/work/991008289619707141,http://vocab.getty.edu/ulan/500006873,Thomas Sully,1803,1783,20,Neoclassicism
https://artresearch.net/resource/frick/work/991005505719707141,http://vocab.getty.edu/ulan/500030791,Gabriel Lory,1804,1784,20,
https://artresearch.net/resource/frick/work/991005503719707141,http://vocab.getty.edu/ulan/500030791,Gabriel Lory,1804,1784,20,
https://artresearch.net/resource/frick/work/991013143099707141,http://vocab.getty.edu/ulan/500013139,Bass Otis,1804,1784,20,
https://artresearch.net/resource/frick/work/991007256519707141,http://vocab.getty.edu/ulan/500008343,Robert Fulton,1805,1765,40,
https://artresearch.net/resource/frick/work/991013280929707141,http://vocab.getty.edu/ulan/500016578,John James Audubon,1805,1785,20,Naturalism
https://artresearch.net/resource/frick/work/991002547519707141,http://vocab.getty.edu/ulan/500121036,David Wilkie,1805,1785,20,
https://artresearch.net/resource/frick/work/991006781449707141,http://vocab.getty.edu/ulan/500016578,John James Audubon,1805,1785,20,Naturalism
https://artresearch.net/resource/frick/work/991002547269707141,http://vocab.getty.edu/ulan/500121036,David Wilkie,1805,1785,20,
https://artresearch.net/resource/frick/work/991002215729707141,http://vocab.getty.edu/ulan/500015705,William Mulready,1806,1786,20,
https://artresearch.net/resource/frick/work/991001480379707141,http://vocab.getty.edu/ulan/500115284,William Etty,1807,1787,20,
https://artresearch.net/resource/frick/work/991013126969707141,http://vocab.getty.edu/ulan/500024668,Tommaso Minardi,1807,1787,20,
https://artresearch.net/resource/frick/work/991005172599707141,http://www.wikidata.org/entity/Q109676533,John Delamater,1807,1787,20,
https://artresearch.net/resource/frick/work/991001482219707141,http://vocab.getty.edu/ulan/500115284,William Etty,1807,1787,20,
https://artresearch.net/resource/frick/work/991001480519707141,http://vocab.getty.edu/ulan/500115284,William Etty,1807,1787,20,
https://artresearch.net/resource/frick/work/991007906049707141,http://vocab.getty.edu/ulan/500017628,Matthew Harris Jouett,1807,1788,19,
https://artresearch.net/resource/frick/work/991007906089707141,http://vocab.getty.edu/ulan/500017628,Matthew Harris Jouett,1807,1788,19,
https://artresearch.net/resource/frick/work/991001466919707141,http://vocab.getty.edu/ulan/500126029,Caroline Lucy Scott,1807,1784,23,
https://artresearch.net/resource/frick/work/991013624009507141,http://vocab.getty.edu/ulan/500005417,Patrick Nasmyth,1807,1787,20,Realism
https://artresearch.net/resource/frick/work/991003430009707141,http://vocab.getty.edu/ulan/500019620,Johann Friedrich Overbeck,1807,1789,18,Neoclassicism
https://artresearch.net/resource/frick/work/991005450899707141,http://vocab.getty.edu/ulan/500022221,Sarah Goodridge,1808,1788,20,
https://artresearch.net/resource/frick/work/991013224419707141,http://vocab.getty.edu/ulan/500002251,William Edward West,1808,1788,20,
https://artresearch.net/resource/frick/work/991013507939707141,http://vocab.getty.edu/ulan/500014728,Nathaniel Rogers,1808,1788,20,
https://artresearch.net/resource/frick/work/991013244969707141,http://vocab.getty.edu/ulan/500002251,William Edward West,1808,1788,20,
https://artresearch.net/resource/frick/work/991001667319707141,http://vocab.getty.edu/ulan/500010419,John Watson Gordon,1808,1788,20,
https://artresearch.net/resource/frick/work/991013233349707141,http://vocab.getty.edu/ulan/500002251,William Edward West,1808,1788,20,
https://artresearch.net/resource/frick/work/991001663849707141,http://vocab.getty.edu/ulan/500010419,John Watson Gordon,1808,1788,20,
https://artresearch.net/resource/frick/work/991013232589707141,http://vocab.getty.edu/ulan/500017628,Matthew Harris Jouett,1808,1788,20,
https://artresearch.net/resource/frick/work/991003999309707141,http://vocab.getty.edu/ulan/500115562,Théodore Géricault,1808,1791,17,Romanticism
https://artresearch.net/resource/frick/work/991003427979707141,http://vocab.getty.edu/ulan/500019620,Johann Friedrich Overbeck,1809,1789,20,Neoclassicism
https://artresearch.net/resource/frick/work/991003429959707141,http://vocab.getty.edu/ulan/500019620,Johann Friedrich Overbeck,1809,1789,20,Neoclassicism
https://artresearch.net/resource/frick/work/991003454839707141,http://vocab.getty.edu/ulan/500014391,Philipp Otto Runge,1809,1777,32,German romanticism
https://artresearch.net/resource/frick/work/991005526509707141,http://vocab.getty.edu/ulan/500027163,Anton Graff,1809,1736,73,Neoclassicism
https://artresearch.net/resource/frick/work/991005284089707141,http://vocab.getty.edu/ulan/500011182,Bertel Thorvaldsen,1810,1770,40,
https://artresearch.net/resource/frick/work/991013455079707141,http://vocab.getty.edu/ulan/500003558,William Jewett,1810,1792,18,
https://artresearch.net/resource/frick/work/991001812159707141,http://vocab.getty.edu/ulan/500029051,Alexander Carse,1811,1770,41,
https://artresearch.net/resource/frick/work/991013453219707141,http://vocab.getty.edu/ulan/500026460,Samuel Morse,1811,1791,20,
https://artresearch.net/resource/frick/work/991011908119707141,http://vocab.getty.edu/ulan/500047416,Marie Ellenrieder,1811,1791,20,
https://artresearch.net/resource/frick/work/991003999259707141,http://vocab.getty.edu/ulan/500115562,Théodore Géricault,1811,1791,20,Romanticism
https://artresearch.net/resource/frick/work/991007336669707141,http://vocab.getty.edu/ulan/500031083,Chester Harding,1812,1792,20,
https://artresearch.net/resource/frick/work/991004939539707141,http://vocab.getty.edu/ulan/500022453,Francis Martin Drexel,1812,1792,20,
https://artresearch.net/resource/frick/work/991005964469707141,http://vocab.getty.edu/ulan/500115604,George Cruikshank,1812,1792,20,
https://artresearch.net/resource/frick/work/991000626069707141,http://vocab.getty.edu/ulan/500031083,Chester Harding,1812,1792,20,
https://artresearch.net/resource/frick/work/991013315589707141,http://vocab.getty.edu/ulan/500031083,Chester Harding,1812,1792,20,
https://artresearch.net/resource/frick/work/991001703779707141,http://vocab.getty.edu/ulan/500001061,George Henry Harlow,1813,1787,26,
https://artresearch.net/resource/frick/work/991013226999707141,http://vocab.getty.edu/ulan/500020314,Rolinda Sharples,1813,1794,19,Realism
https://artresearch.net/resource/frick/work/991002231939707141,http://vocab.getty.edu/ulan/500029109,Gilbert Stuart Newton,1814,1795,19,
https://artresearch.net/resource/frick/work/991001488219707141,http://vocab.getty.edu/ulan/500006035,Robert Edmonstone,1814,1794,20,
https://artresearch.net/resource/frick/work/991001691379707141,http://vocab.getty.edu/ulan/500015133,John Graham Gilbert,1814,1794,20,
https://artresearch.net/resource/frick/work/991001901619707141,http://vocab.getty.edu/ulan/500113237,George Meikle Kemp,1815,1795,20,
https://artresearch.net/resource/frick/work/991002714859707141,http://vocab.getty.edu/ulan/500118936,Francisco Goya,1815,1746,69,Romanticism
https://artresearch.net/resource/frick/work/991000074649707141,http://vocab.getty.edu/ulan/500026080,Asher Brown Durand,1816,1796,20,Hudson river school
https://artresearch.net/resource/frick/work/991003915739707141,http://vocab.getty.edu/ulan/500115390,Jean-Baptiste Camille Corot,1816,1796,20,Barbizon school
https://artresearch.net/resource/frick/work/991008328909707141,http://vocab.getty.edu/ulan/500013838,Robert Street,1816,1796,20,
https://artresearch.net/resource/frick/work/991000057969707141,http://vocab.getty.edu/ulan/500019611,Charles C. Ingham,1816,1796,20,
https://artresearch.net/resource/frick/work/991003923499707141,http://vocab.getty.edu/ulan/500115390,Jean-Baptiste Camille Corot,1816,1796,20,Barbizon school
https://artresearch.net/resource/frick/work/991007141959707141,http://vocab.getty.edu/ulan/500026080,Asher Brown Durand,1816,1796,20,Hudson river school
https://artresearch.net/resource/frick/work/991007138719707141,http://vocab.getty.edu/ulan/500026080,Asher Brown Durand,1816,1796,20,Hudson river school
https://artresearch.net/resource/frick/work/991006982579707141,http://vocab.getty.edu/ulan/500004854,George Catlin,1816,1796,20,Realism
https://artresearch.net/resource/frick/work/991005106909707141,http://vocab.getty.edu/ulan/500012157,Sophie Fremiet,1817,1797,20,
https://artresearch.net/resource/frick/work/991004358789707141,http://vocab.getty.edu/ulan/500115509,Eugène Delacroix,1818,1798,20,Romanticism
https://artresearch.net/resource/frick/work/991005469479707141,http://vocab.getty.edu/ulan/500069087,Arthur Armstrong,1818,1798,20,
https://artresearch.net/resource/frick/work/991004004259707141,http://vocab.getty.edu/ulan/500115562,Théodore Géricault,1818,1791,27,Romanticism
https://artresearch.net/resource/frick/work/991001216709707141,http://vocab.getty.edu/ulan/500000162,Ethan Allen Greenwood,1818,1779,39,
https://artresearch.net/resource/frick/work/991004358609707141,http://vocab.getty.edu/ulan/500115509,Eugène Delacroix,1818,1798,20,Romanticism
https://artresearch.net/resource/frick/work/991013220479707141,http://vocab.getty.edu/ulan/500022039,Auguste-Xavier Leprince,1819,1799,20,
https://artresearch.net/resource/frick/work/991008092829707141,http://vocab.getty.edu/ulan/500017044,Titian Peale,1819,1799,20,Volcano school
https://artresearch.net/resource/frick/work/991005326079707141,http://vocab.getty.edu/ulan/500011741,Karl Bryullov,1819,1799,20,Romanticism
https://artresearch.net/resource/frick/work/991004620629707141,http://vocab.getty.edu/ulan/500001550,Francis Alexander,1820,1800,20,
https://artresearch.net/resource/frick/work/991002336279707141,http://vocab.getty.edu/ulan/500017209,Frank Stone,1820,1800,20,
https://artresearch.net/resource/frick/work/991004762229707141,http://vocab.getty.edu/ulan/500001550,Francis Alexander,1820,1800,20,
https://artresearch.net/resource/frick/work/991013323289707141,http://vocab.getty.edu/ulan/500010118,Sarah Miriam Peale,1820,1800,20,
https://artresearch.net/resource/frick/work/991008628709707141,http://vocab.getty.edu/ulan/500010118,Sarah Miriam Peale,1820,1800,20,
https://artresearch.net/resource/frick/work/991002599059707141,http://www.wikidata.org/entity/Q21466509,William Stewart Watson,1820,1800,20,
https://artresearch.net/resource/frick/work/991013242909707141,http://vocab.getty.edu/ulan/500028323,Thomas Cole,1821,1801,20,Hudson river school
https://artresearch.net/resource/frick/work/991007505859707141,http://vocab.getty.edu/ulan/500021656,Henry Inman,1821,1801,20,Academic art
https://artresearch.net/resource/frick/work/991007504909707141,http://vocab.getty.edu/ulan/500021656,Henry Inman,1821,1801,20,Academic art
https://artresearch.net/resource/frick/work/991001681369707141,http://vocab.getty.edu/ulan/500017958,James Giles,1821,1801,20,
https://artresearch.net/resource/frick/work/991008574079707141,http://vocab.getty.edu/ulan/500062405,Nathan Negus,1821,1801,20,
https://artresearch.net/resource/frick/work/991012350519707141,http://vocab.getty.edu/ulan/500024322,Carlo Arienti,1821,1801,20,
https://artresearch.net/resource/frick/work/991008673159707141,http://vocab.getty.edu/ulan/500021866,William Rush,1822,1756,66,
https://artresearch.net/resource/frick/work/991000219949707141,http://vocab.getty.edu/ulan/500009354,Thomas Edwards,1822,1795,27,
https://artresearch.net/resource/frick/work/991008787979707141,http://vocab.getty.edu/ulan/500075944,Henry Willard,1822,1802,20,
https://artresearch.net/resource/frick/work/991002133749707141,http://vocab.getty.edu/ulan/500016923,Samuel Laurence,1822,1812,10,
https://artresearch.net/resource/frick/work/991005272789707141,http://www.wikidata.org/entity/Q97582534,Peter Lehn Grosh,1822,1798,24,
https://artresearch.net/resource/frick/work/991008756509707141,http://vocab.getty.edu/ulan/500032615,Robert Walter Weir,1823,1803,20,Realism
https://artresearch.net/resource/frick/work/991001679659707141,http://vocab.getty.edu/ulan/500020375,Patrick Gibson,1823,1782,41,
https://artresearch.net/resource/frick/work/991005116139707141,http://vocab.getty.edu/ulan/500030473,Friedrich von Amerling,1823,1803,20,
https://artresearch.net/resource/frick/work/991004358709707141,http://vocab.getty.edu/ulan/500115509,Eugène Delacroix,1823,1798,25,Romanticism
https://artresearch.net/resource/frick/work/991013684951607141,http://vocab.getty.edu/ulan/500032615,Robert Walter Weir,1823,1803,20,Realism
https://artresearch.net/resource/frick/work/991004626069707141,http://vocab.getty.edu/ulan/500024376,Prosper Mérimée,1823,1803,20,
https://artresearch.net/resource/frick/work/991004625989707141,http://vocab.getty.edu/ulan/500024376,Prosper Mérimée,1823,1803,20,
https://artresearch.net/resource/frick/work/991007242569707141,http://vocab.getty.edu/ulan/500027085,Charles Fraser,1823,1782,41,
https://artresearch.net/resource/frick/work/991003875939707141,http://www.wikidata.org/entity/Q21985514,George W. Conarroe,1823,1803,20,
https://artresearch.net/resource/frick/work/991013682825607141,http://vocab.getty.edu/ulan/500027085,Charles Fraser,1823,1782,41,
https://artresearch.net/resource/frick/work/991007266409707141,http://vocab.getty.edu/ulan/500021085,Jonathan Fisher,1824,1740,84,
https://artresearch.net/resource/frick/work/991012637809707141,http://vocab.getty.edu/ulan/500016707,Giovanni Carnovali,1824,1804,20,
https://artresearch.net/resource/frick/work/991004057009707141,http://vocab.getty.edu/ulan/500006992,Paul Gavarni,1824,1804,20,
https://artresearch.net/resource/frick/work/991012637929707141,http://vocab.getty.edu/ulan/500016707,Giovanni Carnovali,1824,1804,20,
https://artresearch.net/resource/frick/work/991004747839707141,http://vocab.getty.edu/ulan/500027072,Adrien Dauzats,1824,1804,20,Orientalism
https://artresearch.net/resource/frick/work/991005315019707141,http://vocab.getty.edu/ulan/500124758,George Chinnery,1825,1774,51,
https://artresearch.net/resource/frick/work/991012491439707141,http://vocab.getty.edu/ulan/500020452,Samuel Palmer,1825,1805,20,Romanticism
https://artresearch.net/resource/frick/work/991001364969707141,http://vocab.getty.edu/ulan/500024171,Richard Parkes Bonington,1825,1802,23,Orientalism
https://artresearch.net/resource/frick/work/991007336529707141,http://vocab.getty.edu/ulan/500031083,Chester Harding,1825,1792,33,
https://artresearch.net/resource/frick/work/991003915549707141,http://vocab.getty.edu/ulan/500115390,Jean-Baptiste Camille Corot,1825,1796,29,Barbizon school
https://artresearch.net/resource/frick/work/991013502709707141,http://www.wikidata.org/entity/Q47459145,Christian Friedrich Mayr,1825,1803,22,
https://artresearch.net/resource/frick/work/991004061879707141,http://vocab.getty.edu/ulan/500030365,Jean Gigoux,1826,1806,20,
https://artresearch.net/resource/frick/work/991001400229707141,http://vocab.getty.edu/ulan/500019736,George Theodore Berthon,1826,1806,20,
https://artresearch.net/resource/frick/work/991004626029707141,http://vocab.getty.edu/ulan/500024376,Prosper Mérimée,1826,1803,23,
https://artresearch.net/resource/frick/work/991003973409707141,http://vocab.getty.edu/ulan/500021012,Théophile Fragonard,1826,1806,20,
https://artresearch.net/resource/frick/work/991013388969707141,http://vocab.getty.edu/ulan/500022054,Frederick R. Spencer,1826,1806,20,
https://artresearch.net/resource/frick/work/991008036049707141,http://vocab.getty.edu/ulan/500017404,William Sidney Mount,1827,1807,20,Hudson river school
https://artresearch.net/resource/frick/work/991013207919707141,http://vocab.getty.edu/ulan/500017404,William Sidney Mount,1827,1807,20,Hudson river school
https://artresearch.net/resource/frick/work/991008035989707141,http://vocab.getty.edu/ulan/500017404,William Sidney Mount,1827,1807,20,Hudson river school
https://artresearch.net/resource/frick/work/991013409609707141,http://www.wikidata.org/entity/Q94295134,J. Houston Mifflin,1827,1807,20,
https://artresearch.net/resource/frick/work/991008035189707141,http://vocab.getty.edu/ulan/500017404,William Sidney Mount,1827,1807,20,Hudson river school
https://artresearch.net/resource/frick/work/991000051389707141,http://vocab.getty.edu/ulan/500106178,Thomas B. Lawson,1827,1807,20,
https://artresearch.net/resource/frick/work/991007438079707141,http://vocab.getty.edu/ulan/500032518,William James Hubard,1827,1807,20,
https://artresearch.net/resource/frick/work/991007440299707141,http://vocab.getty.edu/ulan/500032518,William James Hubard,1827,1807,20,
https://artresearch.net/resource/frick/work/991007440859707141,http://vocab.getty.edu/ulan/500032518,William James Hubard,1827,1807,20,
https://artresearch.net/resource/frick/work/991008035549707141,http://vocab.getty.edu/ulan/500017404,William Sidney Mount,1827,1807,20,Hudson river school
https://artresearch.net/resource/frick/work/991008035069707141,http://vocab.getty.edu/ulan/500017404,William Sidney Mount,1827,1807,20,Hudson river school
https://artresearch.net/resource/frick/work/991013491259707141,http://vocab.getty.edu/ulan/500012614,John Gadsby Chapman,1828,1808,20,
https://artresearch.net/resource/frick/work/991013502059707141,http://vocab.getty.edu/ulan/500015347,Samuel Stillman Osgood,1828,1808,20,
https://artresearch.net/resource/frick/work/991007240499707141,http://vocab.getty.edu/ulan/500032236,John F. Francis,1828,1808,20,
https://artresearch.net/resource/frick/work/991007275699707141,http://vocab.getty.edu/ulan/500019454,James Edward Freeman,1828,1808,20,
https://artresearch.net/resource/frick/work/991001321089707141,http://vocab.getty.edu/ulan/500022428,Queen Victoria,1829,1819,10,
https://artresearch.net/resource/frick/work/991007337099707141,http://vocab.getty.edu/ulan/500031083,Chester Harding,1829,1792,37,
https://artresearch.net/resource/frick/work/991002154649707141,http://vocab.getty.edu/ulan/500014844,Daniel Maclise,1829,1806,23,Pre-raphaelite brotherhood
https://artresearch.net/resource/frick/work/991013496389707141,http://vocab.getty.edu/ulan/500022795,Cephas Giovanni Thompson,1829,1809,20,
https://artresearch.net/resource/frick/work/991000277129707141,http://vocab.getty.edu/ulan/500003941,Alfred Jacob Miller,1830,1810,20,
https://artresearch.net/resource/frick/work/991007295449707141,http://vocab.getty.edu/ulan/500022221,Sarah Goodridge,1830,1788,42,
https://artresearch.net/resource/frick/work/991004903449707141,http://vocab.getty.edu/ulan/500019454,James Edward Freeman,1830,1808,22,
https://artresearch.net/resource/frick/work/991008017109707141,http://vocab.getty.edu/ulan/500003941,Alfred Jacob Miller,1830,1810,20,
https://artresearch.net/resource/frick/work/991013497339707141,http://vocab.getty.edu/ulan/500003873,Junius Brutus Stearns,1830,1810,20,
https://artresearch.net/resource/frick/work/991002355959707141,http://vocab.getty.edu/ulan/500026742,William Makepeace Thackeray,1831,1811,20,
https://artresearch.net/resource/frick/work/991005893749707141,http://vocab.getty.edu/ulan/500013823,John William Casilear,1831,1811,20,Hudson river school
https://artresearch.net/resource/frick/work/991001839599707141,http://vocab.getty.edu/ulan/500013000,William Crabb,1831,1811,20,
https://artresearch.net/resource/frick/work/991007168319707141,http://www.wikidata.org/entity/Q97667396,James DeVeaux,1832,1812,20,
https://artresearch.net/resource/frick/work/991005899689707141,http://vocab.getty.edu/ulan/500013029,Charles Loring Elliott,1832,1812,20,Realism
https://artresearch.net/resource/frick/work/991013439489707141,http://vocab.getty.edu/ulan/500013029,Charles Loring Elliott,1832,1812,20,Realism
https://artresearch.net/resource/frick/work/991003203069707141,http://vocab.getty.edu/ulan/500029350,August Lucas,1832,1803,29,
https://artresearch.net/resource/frick/work/991000272199707141,http://vocab.getty.edu/ulan/500029919,John Woodhouse Audubon,1832,1812,20,
https://artresearch.net/resource/frick/work/991002092969707141,http://vocab.getty.edu/ulan/500025835,David Scott,1832,1806,26,
https://artresearch.net/resource/frick/work/991011211189707141,http://vocab.getty.edu/ulan/500013029,Charles Loring Elliott,1832,1812,20,Realism
https://artresearch.net/resource/frick/work/991013502699707141,http://vocab.getty.edu/ulan/500005426,William S. Jewett,1832,1812,20,
https://artresearch.net/resource/frick/work/991007379689707141,http://vocab.getty.edu/ulan/500022150,George Peter Alexander Healy,1833,1813,20,Realism
https://artresearch.net/resource/frick/work/991005995989707141,http://vocab.getty.edu/ulan/500022150,George Peter Alexander Healy,1833,1813,20,Realism
https://artresearch.net/resource/frick/work/991001761759707141,http://vocab.getty.edu/ulan/500024738,Thomas Frank Heaphy,1833,1813,20,
https://artresearch.net/resource/frick/work/991007381639707141,http://vocab.getty.edu/ulan/500022150,George Peter Alexander Healy,1833,1813,20,Realism
https://artresearch.net/resource/frick/work/991000579609707141,http://vocab.getty.edu/ulan/500022150,George Peter Alexander Healy,1833,1813,20,Realism
https://artresearch.net/resource/frick/work/991007379379707141,http://vocab.getty.edu/ulan/500022150,George Peter Alexander Healy,1833,1813,20,Realism
https://artresearch.net/resource/frick/work/991007374959707141,http://vocab.getty.edu/ulan/500022150,George Peter Alexander Healy,1833,1813,20,Realism
https://artresearch.net/resource/frick/work/991007378029707141,http://vocab.getty.edu/ulan/500022150,George Peter Alexander Healy,1833,1813,20,Realism
https://artresearch.net/resource/frick/work/991007377109707141,http://vocab.getty.edu/ulan/500022150,George Peter Alexander Healy,1833,1813,20,Realism
https://artresearch.net/resource/frick/work/991003699219707141,http://vocab.getty.edu/ulan/500029706,Louis Boulanger,1833,1806,27,
https://artresearch.net/resource/frick/work/991007377209707141,http://vocab.getty.edu/ulan/500022150,George Peter Alexander Healy,1833,1813,20,Realism
https://artresearch.net/resource/frick/work/991007377729707141,http://vocab.getty.edu/ulan/500022150,George Peter Alexander Healy,1833,1813,20,Realism
https://artresearch.net/resource/frick/work/991013497299707141,http://vocab.getty.edu/ulan/500001254,Jerome Thompson,1834,1814,20,
https://artresearch.net/resource/frick/work/991004553389707141,http://vocab.getty.edu/ulan/500012529,Jean-François Millet,1834,1814,20,Realism
https://artresearch.net/resource/frick/work/991008245179707141,http://vocab.getty.edu/ulan/500028784,John Mix Stanley,1834,1814,20,
https://artresearch.net/resource/frick/work/991003823359707141,http://www.wikidata.org/entity/Q3946658,Samuel Waugh,1834,1814,20,Realism
https://artresearch.net/resource/frick/work/991012624139707141,http://vocab.getty.edu/ulan/500010986,Domenico Caldara,1834,1814,20,
https://artresearch.net/resource/frick/work/991013495119707141,http://www.wikidata.org/entity/Q3946658,Samuel Waugh,1834,1814,20,Realism
https://artresearch.net/resource/frick/work/991011817189707141,http://vocab.getty.edu/ulan/500018165,Jacob Eichholtz,1834,1776,58,Romanticism
https://artresearch.net/resource/frick/work/991004801669707141,http://vocab.getty.edu/ulan/500331865,George Hewitt Cushman,1834,1814,20,
https://artresearch.net/resource/frick/work/991007938639707141,http://vocab.getty.edu/ulan/500002891,Miner Kilbourne Kellogg,1834,1814,20,Orientalism
https://artresearch.net/resource/frick/work/991007377049707141,http://vocab.getty.edu/ulan/500022150,George Peter Alexander Healy,1834,1813,21,Realism
https://artresearch.net/resource/frick/work/991003955979707141,http://www.wikidata.org/entity/Q3161867,Jane Swisshelm,1835,1815,20,
https://artresearch.net/resource/frick/work/991004121949707141,http://vocab.getty.edu/ulan/500028037,Jean Auguste Dominique Ingres,1835,1780,55,Romanticism
https://artresearch.net/resource/frick/work/991000601549707141,http://www.wikidata.org/entity/Q94507654,John Greene Chandler,1835,1815,20,
https://artresearch.net/resource/frick/work/991006834429707141,http://vocab.getty.edu/ulan/500028547,George Caleb Bingham,1835,1811,24,Luminism
https://artresearch.net/resource/frick/work/991010708629707141,http://vocab.getty.edu/ulan/500115403,Thomas Couture,1835,1815,20,Academic art
https://artresearch.net/resource/frick/work/991005538179707141,http://vocab.getty.edu/ulan/500025799,Barthélemy Menn,1835,1815,20,
https://artresearch.net/resource/frick/work/991004531349707141,http://vocab.getty.edu/ulan/500001155,Jean-Louis-Ernest Meissonier,1835,1815,20,Academic art
https://artresearch.net/resource/frick/work/991002085689707141,http://vocab.getty.edu/ulan/500000844,Alfred Stevens,1835,1823,12,Realism
https://artresearch.net/resource/frick/work/991001702129707141,http://vocab.getty.edu/ulan/500003650,David Gilmour Blythe,1835,1815,20,
https://artresearch.net/resource/frick/work/991013498869707141,http://vocab.getty.edu/ulan/500010543,William Jay Bolton,1836,1816,20,
https://artresearch.net/resource/frick/work/991013498929707141,http://vocab.getty.edu/ulan/500021684,George Whiting Flagg,1836,1816,20,
https://artresearch.net/resource/frick/work/991013046549707141,http://vocab.getty.edu/ulan/500018722,Joseph Alexander Ames,1836,1816,20,
https://artresearch.net/resource/frick/work/991010092499707141,http://vocab.getty.edu/ulan/500024375,Régis François Gignoux,1836,1816,20,
https://artresearch.net/resource/frick/work/991013494359707141,http://vocab.getty.edu/ulan/500010543,William Jay Bolton,1836,1816,20,
https://artresearch.net/resource/frick/work/991009021659707141,http://vocab.getty.edu/ulan/500017937,Daniel Huntington,1836,1816,20,
https://artresearch.net/resource/frick/work/991007967429707141,http://vocab.getty.edu/ulan/500005129,Emanuel Leutze,1836,1816,20,Romanticism
https://artresearch.net/resource/frick/work/991002504899707141,http://vocab.getty.edu/ulan/500021176,John Phillip,1837,1817,20,
https://artresearch.net/resource/frick/work/991002504649707141,http://vocab.getty.edu/ulan/500021176,John Phillip,1837,1817,20,
https://artresearch.net/resource/frick/work/991013496339707141,http://vocab.getty.edu/ulan/500013689,Richard Morrell Staigg,1837,1817,20,
https://artresearch.net/resource/frick/work/991001749919707141,http://vocab.getty.edu/ulan/500009165,Théophile Hamel,1837,1817,20,
https://artresearch.net/resource/frick/work/991001750059707141,http://vocab.getty.edu/ulan/500009165,Théophile Hamel,1837,1817,20,
https://artresearch.net/resource/frick/work/991013145109707141,http://vocab.getty.edu/ulan/500124928,Lucas Velázquez,1837,1817,20,
https://artresearch.net/resource/frick/work/991013191849707141,http://www.wikidata.org/entity/Q94291756,Phineas Stanton,1837,1817,20,
https://artresearch.net/resource/frick/work/991013498539707141,http://vocab.getty.edu/ulan/500011995,Edwin White,1837,1817,20,Orientalism
https://artresearch.net/resource/frick/work/991008081579707141,http://vocab.getty.edu/ulan/500030555,Marcus Mote,1837,1817,20,
https://artresearch.net/resource/frick/work/991013502089707141,http://vocab.getty.edu/ulan/500020605,Thomas Prichard Rossiter,1838,1818,20,
https://artresearch.net/resource/frick/work/991002360239707141,http://vocab.getty.edu/ulan/500005576,Robert Thorburn,1838,1818,20,
https://artresearch.net/resource/frick/work/991004805239707141,http://vocab.getty.edu/ulan/500331865,George Hewitt Cushman,1839,1814,25,
https://artresearch.net/resource/frick/work/991000240009707141,http://vocab.getty.edu/ulan/500028269,Johan Jongkind,1839,1819,20,
https://artresearch.net/resource/frick/work/991003937189707141,http://vocab.getty.edu/ulan/500010927,Gustave Courbet,1839,1819,20,French realism
https://artresearch.net/resource/frick/work/991012177219707141,http://vocab.getty.edu/ulan/500010927,Gustave Courbet,1839,1819,20,French realism
https://artresearch.net/resource/frick/work/991000073009707141,http://vocab.getty.edu/ulan/500008708,Henry Peters Gray,1839,1819,20,
https://artresearch.net/resource/frick/work/991003933889707141,http://vocab.getty.edu/ulan/500010927,Gustave Courbet,1839,1819,20,French realism
https://artresearch.net/resource/frick/work/991001522629707141,http://vocab.getty.edu/ulan/500024696,John Faed,1839,1819,20,
https://artresearch.net/resource/frick/work/991001321039707141,http://vocab.getty.edu/ulan/500022428,Queen Victoria,1839,1819,20,
https://artresearch.net/resource/frick/work/991008773539707141,http://www.wikidata.org/entity/Q16031087,Isaac Augustus Wetherby,1839,1819,20,
https://artresearch.net/resource/frick/work/991008778669707141,http://vocab.getty.edu/ulan/500433991,Walt Whitman,1839,1819,20,
https://artresearch.net/resource/frick/work/991003933579707141,http://vocab.getty.edu/ulan/500010927,Gustave Courbet,1839,1819,20,French realism
https://artresearch.net/resource/frick/work/991003933809707141,http://vocab.getty.edu/ulan/500010927,Gustave Courbet,1839,1819,20,French realism
https://artresearch.net/resource/frick/work/991013502169707141,http://vocab.getty.edu/ulan/500011990,Lars Gustaf Sellstedt,1839,1819,20,
https://artresearch.net/resource/frick/work/991013502229707141,http://vocab.getty.edu/ulan/500011990,Lars Gustaf Sellstedt,1839,1819,20,
https://artresearch.net/resource/frick/work/991005384759707141,http://vocab.getty.edu/ulan/500432315,Alfred Sully,1840,1821,19,
https://artresearch.net/resource/frick/work/991003933939707141,http://vocab.getty.edu/ulan/500010927,Gustave Courbet,1840,1819,21,French realism
https://artresearch.net/resource/frick/work/991007254759707141,http://vocab.getty.edu/ulan/500026223,George Fuller,1840,1822,18,
https://artresearch.net/resource/frick/work/991006806349707141,http://vocab.getty.edu/ulan/500027491,George Augustus Baker,1841,1821,20,
https://artresearch.net/resource/frick/work/991001794089707141,http://vocab.getty.edu/ulan/500001633,William Holman Hunt,1841,1827,14,Pre-raphaelite brotherhood
https://artresearch.net/resource/frick/work/991004553349707141,http://vocab.getty.edu/ulan/500012529,Jean-François Millet,1841,1814,27,Realism
https://artresearch.net/resource/frick/work/991002310489707141,http://vocab.getty.edu/ulan/500026484,James Smetham,1841,1821,20,
https://artresearch.net/resource/frick/work/991013496289707141,http://vocab.getty.edu/ulan/500009441,Platt Powell Ryder,1841,1821,20,
https://artresearch.net/resource/frick/work/991008113729707141,http://vocab.getty.edu/ulan/500002249,Thomas Buchanan Read,1842,1822,20,
https://artresearch.net/resource/frick/work/991001681329707141,http://vocab.getty.edu/ulan/500017958,James Giles,1842,1801,41,
https://artresearch.net/resource/frick/work/991000072479707141,http://vocab.getty.edu/ulan/500026223,George Fuller,1842,1822,20,
https://artresearch.net/resource/frick/work/991008113319707141,http://vocab.getty.edu/ulan/500002249,Thomas Buchanan Read,1842,1822,20,
https://artresearch.net/resource/frick/work/991004358819707141,http://vocab.getty.edu/ulan/500115509,Eugène Delacroix,1842,1798,44,Romanticism
https://artresearch.net/resource/frick/work/991003928759707141,http://vocab.getty.edu/ulan/500002249,Thomas Buchanan Read,1842,1822,20,
https://artresearch.net/resource/frick/work/991003430089707141,http://vocab.getty.edu/ulan/500019620,Johann Friedrich Overbeck,1843,1789,54,Neoclassicism
https://artresearch.net/resource/frick/work/991006917229707141,http://www.wikidata.org/entity/Q94361178,James Arthur Benade,1843,1823,20,
https://artresearch.net/resource/frick/work/991013496239707141,http://vocab.getty.edu/ulan/500018244,Thomas Hicks,1843,1823,20,
https://artresearch.net/resource/frick/work/991013496189707141,http://vocab.getty.edu/ulan/500026492,William Henry Powell,1843,1823,20,
https://artresearch.net/resource/frick/work/991002827629707141,http://vocab.getty.edu/ulan/500027944,Eduardo Cano,1843,1823,20,
https://artresearch.net/resource/frick/work/991002827679707141,http://vocab.getty.edu/ulan/500027944,Eduardo Cano,1843,1823,20,
https://artresearch.net/resource/frick/work/991013502069707141,http://vocab.getty.edu/ulan/500032127,Johannes Adam Simon Oertel,1843,1823,20,
https://artresearch.net/resource/frick/work/991001749869707141,http://vocab.getty.edu/ulan/500009165,Théophile Hamel,1843,1817,26,
https://artresearch.net/resource/frick/work/991013462929707141,http://vocab.getty.edu/ulan/500017367,Thomas Waterman Wood,1843,1823,20,
https://artresearch.net/resource/frick/work/991007337049707141,http://vocab.getty.edu/ulan/500031083,Chester Harding,1843,1792,51,
https://artresearch.net/resource/frick/work/991001353229707141,http://vocab.getty.edu/ulan/500009004,James Archer,1843,1823,20,
https://artresearch.net/resource/frick/work/991004778159707141,http://vocab.getty.edu/ulan/500032215,Marcellin Desboutin,1843,1823,20,
https://artresearch.net/resource/frick/work/991000151329707141,http://vocab.getty.edu/ulan/500019147,Sanford Robinson Gifford,1843,1823,20,Hudson river school
https://artresearch.net/resource/frick/work/991012429259707141,http://vocab.getty.edu/ulan/500138414,Carlo Ferrari,1844,1813,31,
https://artresearch.net/resource/frick/work/991002350199707141,http://vocab.getty.edu/ulan/500008685,Eastman Johnson,1844,1824,20,
https://artresearch.net/resource/frick/work/991000221179707141,http://vocab.getty.edu/ulan/500012980,Jozef Israëls,1844,1824,20,Hague school
https://artresearch.net/resource/frick/work/991001541409707141,http://www.wikidata.org/entity/Q59940723,Alexander Fraser,1844,1824,20,
https://artresearch.net/resource/frick/work/991005034419707141,http://vocab.getty.edu/ulan/500008685,Eastman Johnson,1844,1824,20,
https://artresearch.net/resource/frick/work/991013505519707141,http://vocab.getty.edu/ulan/500023177,Seymour Joseph Guy,1844,1824,20,
https://artresearch.net/resource/frick/work/991005373709707141,http://vocab.getty.edu/ulan/500008685,Eastman Johnson,1844,1824,20,
https://artresearch.net/resource/frick/work/991002895469707141,http://vocab.getty.edu/ulan/500010518,Vicente López Portaña,1844,1772,72,
https://artresearch.net/resource/frick/work/991007441979707141,http://vocab.getty.edu/ulan/500007307,William Morris Hunt,1844,1824,20,
https://artresearch.net/resource/frick/work/991001470909707141,http://vocab.getty.edu/ulan/500019761,Thomas Duncan,1844,1807,37,
https://artresearch.net/resource/frick/work/991007895499707141,http://vocab.getty.edu/ulan/500008685,Eastman Johnson,1844,1824,20,
https://artresearch.net/resource/frick/work/991007442329707141,http://vocab.getty.edu/ulan/500007307,William Morris Hunt,1844,1824,20,
https://artresearch.net/resource/frick/work/991004886619707141,http://vocab.getty.edu/ulan/500008870,Pierre Puvis de Chavannes,1844,1824,20,Symbolism
https://artresearch.net/resource/frick/work/991002244819707141,http://vocab.getty.edu/ulan/500001374,Erskine Nicol,1845,1825,20,
https://artresearch.net/resource/frick/work/991010246129707141,http://vocab.getty.edu/ulan/500023835,Giovanni Fattori,1845,1825,20,Macchiaioli
https://artresearch.net/resource/frick/work/991007295489707141,http://vocab.getty.edu/ulan/500022221,Sarah Goodridge,1845,1788,57,
https://artresearch.net/resource/frick/work/991005501829707141,http://vocab.getty.edu/ulan/500001002,"Richard Caton Woodville, Sr.",1845,1825,20,
https://artresearch.net/resource/frick/work/991007456469707141,http://vocab.getty.edu/ulan/500020108,George Henry Hall,1845,1825,20,Orientalism
https://artresearch.net/resource/frick/work/991013496909707141,http://vocab.getty.edu/ulan/500007345,John Beaufain Irving,1845,1825,20,
https://artresearch.net/resource/frick/work/991001794189707141,http://vocab.getty.edu/ulan/500001633,William Holman Hunt,1845,1827,18,Pre-raphaelite brotherhood
https://artresearch.net/resource/frick/work/991013497179707141,http://vocab.getty.edu/ulan/500020108,George Henry Hall,1845,1825,20,Orientalism
https://artresearch.net/resource/frick/work/991013203029707141,http://vocab.getty.edu/ulan/500019701,Mary Jane Peale,1846,1827,19,
https://artresearch.net/resource/frick/work/991005800739707141,http://vocab.getty.edu/ulan/500025219,Shepard Alonzo Mount,1846,1804,42,
https://artresearch.net/resource/frick/work/991012880269707141,http://vocab.getty.edu/ulan/500010314,Silvestro Lega,1846,1826,20,Realism
https://artresearch.net/resource/frick/work/991013498529707141,http://vocab.getty.edu/ulan/500007332,John Williamson,1846,1826,20,
https://artresearch.net/resource/frick/work/991013496199707141,http://www.wikidata.org/entity/Q53205586,William Morgan,1846,1826,20,
https://artresearch.net/resource/frick/work/991012764929707141,http://vocab.getty.edu/ulan/500014365,Gerolamo Induno,1847,1825,22,
https://artresearch.net/resource/frick/work/991013495359707141,http://vocab.getty.edu/ulan/500005613,David Johnson,1847,1827,20,Luminism
https://artresearch.net/resource/frick/work/991005519919707141,http://vocab.getty.edu/ulan/500016466,Arnold Böcklin,1847,1827,20,Symbolism
https://artresearch.net/resource/frick/work/991005514209707141,http://vocab.getty.edu/ulan/500003371,Robert Zünd,1847,1827,20,
https://artresearch.net/resource/frick/work/991001793989707141,http://vocab.getty.edu/ulan/500001633,William Holman Hunt,1847,1827,20,Pre-raphaelite brotherhood
https://artresearch.net/resource/frick/work/991004560919707141,http://vocab.getty.edu/ulan/500012529,Jean-François Millet,1847,1814,33,Realism
https://artresearch.net/resource/frick/work/991013496429707141,http://vocab.getty.edu/ulan/500004889,William James Stillman,1848,1828,20,
https://artresearch.net/resource/frick/work/991005326029707141,http://vocab.getty.edu/ulan/500011741,Karl Bryullov,1848,1799,49,Romanticism
https://artresearch.net/resource/frick/work/991004750089707141,http://vocab.getty.edu/ulan/500014130,Alfred Dehodencq,1848,1822,26,Orientalism
https://artresearch.net/resource/frick/work/991000074369707141,http://vocab.getty.edu/ulan/500007238,Joseph Oriel Eaton,1849,1829,20,
https://artresearch.net/resource/frick/work/991000272169707141,http://vocab.getty.edu/ulan/500011136,Jules-Émile Saintin,1849,1829,20,
https://artresearch.net/resource/frick/work/991003615999707141,http://vocab.getty.edu/ulan/500016107,Léon Bonnat,1850,1833,17,Academic art
https://artresearch.net/resource/frick/work/991007901379707141,http://vocab.getty.edu/ulan/500008685,Eastman Johnson,1850,1824,26,
https://artresearch.net/resource/frick/work/991013497159707141,http://www.wikidata.org/entity/Q19975476,George Henry Yewell,1850,1830,20,Orientalism
https://artresearch.net/resource/frick/work/991013496329707141,http://vocab.getty.edu/ulan/500335398,William Oliver Stone,1850,1830,20,
https://artresearch.net/resource/frick/work/991013494349707141,http://vocab.getty.edu/ulan/500106089,Victor Nehlig,1850,1830,20,
https://artresearch.net/resource/frick/work/991007209839707141,http://vocab.getty.edu/ulan/500013029,Charles Loring Elliott,1850,1812,38,Realism
https://artresearch.net/resource/frick/work/991004856239707141,http://vocab.getty.edu/ulan/500001924,Camille Pissarro,1850,1830,20,Impressionism
https://artresearch.net/resource/frick/work/991004055269707141,http://vocab.getty.edu/ulan/500009519,Franz Christian Gau,1851,1790,61,
https://artresearch.net/resource/frick/work/991010092689707141,http://www.wikidata.org/entity/Q5040497,Carl Ludwig Brandt,1851,1831,20,
https://artresearch.net/resource/frick/work/991013496269707141,http://vocab.getty.edu/ulan/500162871,Constant Mayer,1851,1829,22,Neoclassicism
https://artresearch.net/resource/frick/work/991007376769707141,http://vocab.getty.edu/ulan/500022150,George Peter Alexander Healy,1851,1813,38,Realism
https://artresearch.net/resource/frick/work/991008695789707141,http://vocab.getty.edu/ulan/500008314,Edward Troye,1852,1808,44,Orientalism
https://artresearch.net/resource/frick/work/991001788259707141,http://vocab.getty.edu/ulan/500013142,Arthur Hughes,1852,1832,20,Pre-raphaelite brotherhood
https://artresearch.net/resource/frick/work/991007376819707141,http://vocab.getty.edu/ulan/500022150,George Peter Alexander Healy,1852,1813,39,Realism
https://artresearch.net/resource/frick/work/991012185849707141,http://vocab.getty.edu/ulan/500030821,Odoardo Borrani,1852,1833,19,Macchiaioli
https://artresearch.net/resource/frick/work/991001815469707141,http://vocab.getty.edu/ulan/500011606,George Paul Chalmers,1853,1833,20,
https://artresearch.net/resource/frick/work/991013502119707141,http://vocab.getty.edu/ulan/500050956,Launt Thompson,1853,1833,20,
https://artresearch.net/resource/frick/work/991001815429707141,http://vocab.getty.edu/ulan/500011606,George Paul Chalmers,1853,1833,20,
https://artresearch.net/resource/frick/work/991002049129707141,http://vocab.getty.edu/ulan/500022894,Robert Thorburn Ross,1853,1816,37,
https://artresearch.net/resource/frick/work/991004528989707141,http://vocab.getty.edu/ulan/500029859,Jules Dupré,1853,1811,42,Barbizon school
https://artresearch.net/resource/frick/work/991004324199707141,http://vocab.getty.edu/ulan/500115194,Edgar Degas,1854,1834,20,Impressionism
https://artresearch.net/resource/frick/work/991001243829707141,http://vocab.getty.edu/ulan/500115194,Edgar Degas,1854,1834,20,Impressionism
https://artresearch.net/resource/frick/work/991013685105607141,http://vocab.getty.edu/ulan/500012432,James McNeill Whistler,1854,1834,20,Aestheticism
https://artresearch.net/resource/frick/work/991008777999707141,http://vocab.getty.edu/ulan/500012432,James McNeill Whistler,1854,1834,20,Aestheticism
https://artresearch.net/resource/frick/work/991008775979707141,http://vocab.getty.edu/ulan/500012432,James McNeill Whistler,1854,1834,20,Aestheticism
https://artresearch.net/resource/frick/work/991004323969707141,http://vocab.getty.edu/ulan/500115194,Edgar Degas,1854,1834,20,Impressionism
https://artresearch.net/resource/frick/work/991013495129707141,http://vocab.getty.edu/ulan/500027265,Marcus Waterman,1854,1834,20,Orientalism
https://artresearch.net/resource/frick/work/991004324439707141,http://vocab.getty.edu/ulan/500115194,Edgar Degas,1854,1834,20,Impressionism
https://artresearch.net/resource/frick/work/991004338819707141,http://vocab.getty.edu/ulan/500115194,Edgar Degas,1854,1834,20,Impressionism
https://artresearch.net/resource/frick/work/991004338879707141,http://vocab.getty.edu/ulan/500115194,Edgar Degas,1854,1834,20,Impressionism
https://artresearch.net/resource/frick/work/991012651519707141,http://www.wikidata.org/entity/Q543754,Eugenio Cecconi,1854,1834,20,
https://artresearch.net/resource/frick/work/991001899099707141,http://vocab.getty.edu/ulan/500009410,Cornelius Krieghoff,1855,1815,40,
https://artresearch.net/resource/frick/work/991013495309707141,http://vocab.getty.edu/ulan/500005748,George Henry Story,1855,1835,20,
https://artresearch.net/resource/frick/work/991013498919707141,http://vocab.getty.edu/ulan/500020491,John Henry Dolph,1855,1835,20,
https://artresearch.net/resource/frick/work/991004324509707141,http://vocab.getty.edu/ulan/500115194,Edgar Degas,1856,1834,22,Impressionism
https://artresearch.net/resource/frick/work/991004929289707141,http://vocab.getty.edu/ulan/500010633,James Tissot,1856,1836,20,Japonisme
https://artresearch.net/resource/frick/work/991013495389707141,http://vocab.getty.edu/ulan/500000707,Alexander Helwig Wyant,1856,1836,20,
https://artresearch.net/resource/frick/work/991003745579707141,http://vocab.getty.edu/ulan/500025754,Henri Fantin-Latour,1856,1836,20,Impressionism
https://artresearch.net/resource/frick/work/991004324369707141,http://vocab.getty.edu/ulan/500115194,Edgar Degas,1857,1834,23,Impressionism
https://artresearch.net/resource/frick/work/991004324319707141,http://vocab.getty.edu/ulan/500115194,Edgar Degas,1857,1834,23,Impressionism
https://artresearch.net/resource/frick/work/991012729669707141,http://vocab.getty.edu/ulan/500008063,Tranquillo Cremona,1857,1837,20,Scapigliatura
https://artresearch.net/resource/frick/work/991008305469707141,http://vocab.getty.edu/ulan/500002781,Walter Shirlaw,1858,1838,20,
https://artresearch.net/resource/frick/work/991003745819707141,http://vocab.getty.edu/ulan/500025754,Henri Fantin-Latour,1858,1836,22,Impressionism
https://artresearch.net/resource/frick/work/991000234429707141,http://vocab.getty.edu/ulan/500002781,Walter Shirlaw,1858,1838,20,
https://artresearch.net/resource/frick/work/991000234219707141,http://vocab.getty.edu/ulan/500096486,William Magrath,1858,1838,20,
https://artresearch.net/resource/frick/work/991004116669707141,http://vocab.getty.edu/ulan/500028037,Jean Auguste Dominique Ingres,1858,1780,78,Romanticism
https://artresearch.net/resource/frick/work/991003801609707141,http://vocab.getty.edu/ulan/500025044,Charles Robert Leslie,1858,1794,64,
https://artresearch.net/resource/frick/work/991003810319707141,http://vocab.getty.edu/ulan/500004793,Paul Cézanne,1859,1839,20,Post-impressionism
https://artresearch.net/resource/frick/work/991003808359707141,http://vocab.getty.edu/ulan/500004793,Paul Cézanne,1859,1839,20,Post-impressionism
https://artresearch.net/resource/frick/work/991007334299707141,http://vocab.getty.edu/ulan/500031083,Chester Harding,1859,1792,67,
https://artresearch.net/resource/frick/work/991007897329707141,http://vocab.getty.edu/ulan/500008685,Eastman Johnson,1859,1824,35,
https://artresearch.net/resource/frick/work/991003811269707141,http://vocab.getty.edu/ulan/500004793,Paul Cézanne,1859,1839,20,Post-impressionism
https://artresearch.net/resource/frick/work/991007954449707141,http://vocab.getty.edu/ulan/500022926,John La Farge,1859,1835,24,
https://artresearch.net/resource/frick/work/991008734569707141,http://vocab.getty.edu/ulan/500020050,William Aiken Walker,1859,1839,20,
https://artresearch.net/resource/frick/work/991003820739707141,http://vocab.getty.edu/ulan/500004793,Paul Cézanne,1859,1839,20,Post-impressionism
https://artresearch.net/resource/frick/work/991013496309707141,http://vocab.getty.edu/ulan/500014225,Eugene Benson,1859,1839,20,
https://artresearch.net/resource/frick/work/991012763079707141,http://vocab.getty.edu/ulan/500019066,Francesco Hayez,1860,1791,69,Romanticism
https://artresearch.net/resource/frick/work/991007374029707141,http://vocab.getty.edu/ulan/500022150,George Peter Alexander Healy,1860,1813,47,Realism
https://artresearch.net/resource/frick/work/991013496299707141,http://vocab.getty.edu/ulan/500030718,Thomas Hovenden,1860,1840,20,Pont-aven school
https://artresearch.net/resource/frick/work/991000049899707141,http://vocab.getty.edu/ulan/500005129,Emanuel Leutze,1860,1816,44,Romanticism
https://artresearch.net/resource/frick/work/991008590539707141,http://vocab.getty.edu/ulan/500020755,William Page,1860,1794,66,
https://artresearch.net/resource/frick/work/991013496079707141,http://vocab.getty.edu/ulan/500003027,Alfred Wordsworth Thompson,1860,1840,20,
https://artresearch.net/resource/frick/work/991013496549707141,http://vocab.getty.edu/ulan/500012208,Robert Swain Gifford,1860,1840,20,Orientalism
https://artresearch.net/resource/frick/work/991007211019707141,http://vocab.getty.edu/ulan/500013029,Charles Loring Elliott,1860,1812,48,Realism
https://artresearch.net/resource/frick/work/991007895889707141,http://vocab.getty.edu/ulan/500008685,Eastman Johnson,1860,1824,36,
https://artresearch.net/resource/frick/work/991000394379707141,http://vocab.getty.edu/ulan/500000637,Matthijs Maris,1860,1839,21,Hague school
https://artresearch.net/resource/frick/work/991007211049707141,http://vocab.getty.edu/ulan/500013029,Charles Loring Elliott,1860,1812,48,Realism
https://artresearch.net/resource/frick/work/991005195149707141,http://vocab.getty.edu/ulan/500115467,Pierre-Auguste Renoir,1861,1841,20,Impressionism
https://artresearch.net/resource/frick/work/991002033409707141,http://vocab.getty.edu/ulan/500029606,George Reid,1861,1841,20,
https://artresearch.net/resource/frick/work/991013498969707141,http://vocab.getty.edu/ulan/500003130,Henry Mosler,1861,1841,20,Pont-aven school
https://artresearch.net/resource/frick/work/991013469609707141,http://vocab.getty.edu/ulan/500115467,Pierre-Auguste Renoir,1861,1841,20,Impressionism
https://artresearch.net/resource/frick/work/991004046239707141,http://vocab.getty.edu/ulan/500003107,Armand Guillaumin,1861,1841,20,Impressionism
https://artresearch.net/resource/frick/work/991012328709707141,http://vocab.getty.edu/ulan/500024511,Giovanni Boldini,1862,1842,20,Macchiaioli
https://artresearch.net/resource/frick/work/991007910519707141,http://vocab.getty.edu/ulan/500252086,William James,1862,1842,20,Pragmatism
https://artresearch.net/resource/frick/work/991013496319707141,http://vocab.getty.edu/ulan/500004462,William Sartain,1863,1843,20,Orientalism
https://artresearch.net/resource/frick/work/991013498619707141,http://vocab.getty.edu/ulan/500002288,James Wells Champney,1863,1843,20,
https://artresearch.net/resource/frick/work/991004117269707141,http://vocab.getty.edu/ulan/500028037,Jean Auguste Dominique Ingres,1863,1780,83,Romanticism
https://artresearch.net/resource/frick/work/991007896339707141,http://vocab.getty.edu/ulan/500008685,Eastman Johnson,1863,1824,39,
https://artresearch.net/resource/frick/work/991005168669707141,http://vocab.getty.edu/ulan/500029005,René Pierre Charles Princeteau,1863,1843,20,
https://artresearch.net/resource/frick/work/991013499019707141,http://vocab.getty.edu/ulan/500059673,George W. Maynard,1863,1843,20,
https://artresearch.net/resource/frick/work/991013505579707141,http://vocab.getty.edu/ulan/500059673,George W. Maynard,1863,1843,20,
https://artresearch.net/resource/frick/work/991000230079707141,http://vocab.getty.edu/ulan/500115198,Thomas Eakins,1864,1844,20,French realism
https://artresearch.net/resource/frick/work/991002943009707141,http://vocab.getty.edu/ulan/500018242,José Villegas Cordero,1864,1844,20,Costumbrismo
https://artresearch.net/resource/frick/work/991002540109707141,http://vocab.getty.edu/ulan/500026988,George Frederic Watts,1864,1817,47,Academic art
https://artresearch.net/resource/frick/work/991003672929707141,http://vocab.getty.edu/ulan/500004356,Frédéric Bazille,1865,1841,24,Impressionism
https://artresearch.net/resource/frick/work/991007493429707141,http://vocab.getty.edu/ulan/500005143,James Hope,1865,1818,47,
https://artresearch.net/resource/frick/work/991013359799707141,http://vocab.getty.edu/ulan/500013010,Francesco Vinea,1865,1845,20,
https://artresearch.net/resource/frick/work/991013157449707141,http://vocab.getty.edu/ulan/500345952,Giovanni Piancastelli,1865,1845,20,
https://artresearch.net/resource/frick/work/991003811379707141,http://vocab.getty.edu/ulan/500004793,Paul Cézanne,1865,1839,26,Post-impressionism
https://artresearch.net/resource/frick/work/991000049949707141,http://vocab.getty.edu/ulan/500013481,Oliver Ingraham Lay,1865,1845,20,
https://artresearch.net/resource/frick/work/991013498589707141,http://vocab.getty.edu/ulan/500029948,Lawrence Carmichael Earle,1865,1845,20,
https://artresearch.net/resource/frick/work/991012709909707141,http://vocab.getty.edu/ulan/500026586,Francesco Gioli,1866,1846,20,
https://artresearch.net/resource/frick/work/991013499099707141,http://vocab.getty.edu/ulan/500028658,Francis Davis Millet,1866,1848,18,
https://artresearch.net/resource/frick/work/991013495329707141,http://vocab.getty.edu/ulan/500012232,Frederic Porter Vinton,1866,1846,20,Impressionism
https://artresearch.net/resource/frick/work/991005135199707141,http://vocab.getty.edu/ulan/500023330,Carl Schuch,1866,1846,20,
https://artresearch.net/resource/frick/work/991013495299707141,http://vocab.getty.edu/ulan/500017229,Julian Scott,1866,1846,20,
https://artresearch.net/resource/frick/work/991003198749707141,http://vocab.getty.edu/ulan/500115690,Max Liebermann,1867,1847,20,Impressionism
https://artresearch.net/resource/frick/work/991007376549707141,http://vocab.getty.edu/ulan/500022150,George Peter Alexander Healy,1867,1813,54,Realism
https://artresearch.net/resource/frick/work/991005059629707141,http://vocab.getty.edu/ulan/500030492,Albert Pinkham Ryder,1867,1847,20,Romanticism
https://artresearch.net/resource/frick/work/991010092459707141,http://vocab.getty.edu/ulan/500021576,Frederick Arthur Bridgman,1867,1847,20,Orientalism
https://artresearch.net/resource/frick/work/991003198929707141,http://vocab.getty.edu/ulan/500115690,Max Liebermann,1867,1847,20,Impressionism
https://artresearch.net/resource/frick/work/991007198919707141,http://vocab.getty.edu/ulan/500007238,Joseph Oriel Eaton,1867,1829,38,
https://artresearch.net/resource/frick/work/991013495099707141,http://vocab.getty.edu/ulan/500103270,Percival De Luce,1867,1849,18,
https://artresearch.net/resource/frick/work/991010987359707141,http://vocab.getty.edu/ulan/500011421,Paul Gauguin,1868,1848,20,Impressionism
https://artresearch.net/resource/frick/work/991011975219707141,http://vocab.getty.edu/ulan/500011421,Paul Gauguin,1868,1848,20,Impressionism
https://artresearch.net/resource/frick/work/991007148299707141,http://vocab.getty.edu/ulan/500006974,Frank Duveneck,1868,1848,20,Orientalism
https://artresearch.net/resource/frick/work/991013496929707141,http://vocab.getty.edu/ulan/500030415,Louis Comfort Tiffany,1868,1848,20,Art nouveau
https://artresearch.net/resource/frick/work/991003985929707141,http://vocab.getty.edu/ulan/500011421,Paul Gauguin,1868,1848,20,Impressionism
https://artresearch.net/resource/frick/work/991003985879707141,http://vocab.getty.edu/ulan/500011421,Paul Gauguin,1868,1848,20,Impressionism
https://artresearch.net/resource/frick/work/991013495269707141,http://vocab.getty.edu/ulan/500017070,Frank Knox Morton Rehn,1868,1848,20,
https://artresearch.net/resource/frick/work/991003985769707141,http://vocab.getty.edu/ulan/500011421,Paul Gauguin,1868,1848,20,Impressionism
https://artresearch.net/resource/frick/work/991010719219707141,http://vocab.getty.edu/ulan/500006128,Edwin Blashfield,1868,1848,20,
https://artresearch.net/resource/frick/work/991003985439707141,http://vocab.getty.edu/ulan/500011421,Paul Gauguin,1868,1848,20,Impressionism
https://artresearch.net/resource/frick/work/991006995179707141,http://vocab.getty.edu/ulan/500115356,William Merritt Chase,1869,1849,20,Impressionism
https://artresearch.net/resource/frick/work/991013498989707141,http://vocab.getty.edu/ulan/500016805,William Henry Lippincott,1869,1849,20,
https://artresearch.net/resource/frick/work/991006995509707141,http://vocab.getty.edu/ulan/500115356,William Merritt Chase,1869,1849,20,Impressionism
https://artresearch.net/resource/frick/work/991006995739707141,http://vocab.getty.edu/ulan/500115356,William Merritt Chase,1869,1849,20,Impressionism
https://artresearch.net/resource/frick/work/991006995949707141,http://vocab.getty.edu/ulan/500115356,William Merritt Chase,1869,1849,20,Impressionism
https://artresearch.net/resource/frick/work/991006996009707141,http://vocab.getty.edu/ulan/500115356,William Merritt Chase,1869,1849,20,Impressionism
https://artresearch.net/resource/frick/work/991006996099707141,http://vocab.getty.edu/ulan/500115356,William Merritt Chase,1869,1849,20,Impressionism
https://artresearch.net/resource/frick/work/991013496519707141,http://vocab.getty.edu/ulan/500110192,Frederick Warren Freer,1869,1849,20,
https://artresearch.net/resource/frick/work/991006996189707141,http://vocab.getty.edu/ulan/500115356,William Merritt Chase,1869,1849,20,Impressionism
https://artresearch.net/resource/frick/work/991006996239707141,http://vocab.getty.edu/ulan/500115356,William Merritt Chase,1869,1849,20,Impressionism
https://artresearch.net/resource/frick/work/991013243309707141,http://vocab.getty.edu/ulan/500115356,William Merritt Chase,1869,1849,20,Impressionism
https://artresearch.net/resource/frick/work/991007001219707141,http://vocab.getty.edu/ulan/500115356,William Merritt Chase,1869,1849,20,Impressionism
https://artresearch.net/resource/frick/work/991012637869707141,http://vocab.getty.edu/ulan/500016707,Giovanni Carnovali,1869,1804,65,
https://artresearch.net/resource/frick/work/991013504039707141,http://vocab.getty.edu/ulan/500016002,Abbott Handerson Thayer,1869,1849,20,
https://artresearch.net/resource/frick/work/991002202449707141,http://vocab.getty.edu/ulan/500009981,George Manson,1870,1850,20,
https://artresearch.net/resource/frick/work/991002202399707141,http://vocab.getty.edu/ulan/500009981,George Manson,1870,1850,20,
https://artresearch.net/resource/frick/work/991005372879707141,http://vocab.getty.edu/ulan/500060635,Carl Gustaf Hellqvist,1871,1851,20,
https://artresearch.net/resource/frick/work/991000353709707141,http://vocab.getty.edu/ulan/500115436,Thérèse Schwartze,1871,1851,20,
https://artresearch.net/resource/frick/work/991003749139707141,http://vocab.getty.edu/ulan/500025754,Henri Fantin-Latour,1871,1836,35,Impressionism
https://artresearch.net/resource/frick/work/991001261369707141,http://vocab.getty.edu/ulan/500028560,Égide Charles Gustave Wappers,1871,1803,68,Romanticism
https://artresearch.net/resource/frick/work/991013126069707141,http://vocab.getty.edu/ulan/500027505,Francesco Paolo Michetti,1871,1851,20,
https://artresearch.net/resource/frick/work/991011877449707141,http://vocab.getty.edu/ulan/500027505,Francesco Paolo Michetti,1871,1851,20,
https://artresearch.net/resource/frick/work/991013120849707141,http://vocab.getty.edu/ulan/500004025,Theodore Robinson,1872,1852,20,Impressionism
https://artresearch.net/resource/frick/work/991012899709707141,http://vocab.getty.edu/ulan/500024973,Antonio Mancini,1872,1852,20,
https://artresearch.net/resource/frick/work/991013166009707141,http://vocab.getty.edu/ulan/500030319,Gaetano Previati,1872,1852,20,Symbolism
https://artresearch.net/resource/frick/work/991000033819707141,http://vocab.getty.edu/ulan/500020809,J. Alden Weir,1872,1852,20,Pont-aven school
https://artresearch.net/resource/frick/work/991005195509707141,http://vocab.getty.edu/ulan/500115467,Pierre-Auguste Renoir,1872,1841,31,Impressionism
https://artresearch.net/resource/frick/work/991003810099707141,http://vocab.getty.edu/ulan/500004793,Paul Cézanne,1873,1839,34,Post-impressionism
https://artresearch.net/resource/frick/work/991004856169707141,http://vocab.getty.edu/ulan/500001924,Camille Pissarro,1873,1830,43,Impressionism
https://artresearch.net/resource/frick/work/991003240149707141,http://vocab.getty.edu/ulan/500003772,Hans Thoma,1873,1839,34,Symbolism
https://artresearch.net/resource/frick/work/991013502569707141,http://vocab.getty.edu/ulan/500020913,George de Forest Brush,1875,1855,20,Academic art
https://artresearch.net/resource/frick/work/991013502669707141,http://vocab.getty.edu/ulan/500014265,Cecilia Beaux,1875,1855,20,American realism
https://artresearch.net/resource/frick/work/991005473039707141,http://vocab.getty.edu/ulan/500009636,Erik Werenskiold,1875,1855,20,
https://artresearch.net/resource/frick/work/991006811189707141,http://vocab.getty.edu/ulan/500014265,Cecilia Beaux,1875,1855,20,American realism
https://artresearch.net/resource/frick/work/991013046259707141,http://vocab.getty.edu/ulan/500015106,William Anderson Coffin,1875,1855,20,
https://artresearch.net/resource/frick/work/991007312729707141,http://vocab.getty.edu/ulan/500024766,Ignaz Gaugengigl,1875,1855,20,
https://artresearch.net/resource/frick/work/991003810239707141,http://vocab.getty.edu/ulan/500004793,Paul Cézanne,1875,1839,36,Post-impressionism
https://artresearch.net/resource/frick/work/991007312559707141,http://vocab.getty.edu/ulan/500024766,Ignaz Gaugengigl,1875,1855,20,
https://artresearch.net/resource/frick/work/991003810369707141,http://vocab.getty.edu/ulan/500004793,Paul Cézanne,1875,1839,36,Post-impressionism
https://artresearch.net/resource/frick/work/991003381489707141,http://vocab.getty.edu/ulan/500115287,Anselm Feuerbach,1875,1829,46,Neoclassicism
https://artresearch.net/resource/frick/work/991013505209707141,http://vocab.getty.edu/ulan/500028496,Howard Russell Butler,1876,1856,20,
https://artresearch.net/resource/frick/work/991000196479707141,http://vocab.getty.edu/ulan/500006861,George Hendrik Breitner,1876,1857,19,Hague school
https://artresearch.net/resource/frick/work/991013505539707141,http://vocab.getty.edu/ulan/500016788,Douglas Volk,1876,1856,20,
https://artresearch.net/resource/frick/work/991001915649707141,http://vocab.getty.edu/ulan/500000428,John Lavery,1876,1856,20,
https://artresearch.net/resource/frick/work/991000234729707141,http://vocab.getty.edu/ulan/500025329,John White Alexander,1876,1856,20,Art nouveau
https://artresearch.net/resource/frick/work/991013497359707141,http://vocab.getty.edu/ulan/500030609,Edward Henry Potthast,1877,1857,20,American impressionism
https://artresearch.net/resource/frick/work/991007147809707141,http://vocab.getty.edu/ulan/500006974,Frank Duveneck,1877,1848,29,Orientalism
https://artresearch.net/resource/frick/work/991013126099707141,http://vocab.getty.edu/ulan/500027505,Francesco Paolo Michetti,1877,1851,26,
https://artresearch.net/resource/frick/work/991007896989707141,http://vocab.getty.edu/ulan/500008685,Eastman Johnson,1877,1824,53,
https://artresearch.net/resource/frick/work/991013497249707141,http://vocab.getty.edu/ulan/500017443,Bruce Crane,1877,1857,20,
https://artresearch.net/resource/frick/work/991003820689707141,http://vocab.getty.edu/ulan/500004793,Paul Cézanne,1878,1839,39,Post-impressionism
https://artresearch.net/resource/frick/work/991003820819707141,http://vocab.getty.edu/ulan/500004793,Paul Cézanne,1878,1839,39,Post-impressionism
https://artresearch.net/resource/frick/work/991007149069707141,http://vocab.getty.edu/ulan/500006974,Frank Duveneck,1878,1848,30,Orientalism
https://artresearch.net/resource/frick/work/991004223999707141,http://vocab.getty.edu/ulan/500003210,Albert Lebourg,1878,1849,29,Impressionism
https://artresearch.net/resource/frick/work/991003323359707141,http://vocab.getty.edu/ulan/500115384,Lovis Corinth,1878,1858,20,Impressionism
https://artresearch.net/resource/frick/work/991006970999707141,http://vocab.getty.edu/ulan/500012368,Mary Cassatt,1878,1844,34,Impressionism
https://artresearch.net/resource/frick/work/991004477469707141,http://vocab.getty.edu/ulan/500010363,Édouard Manet,1878,1832,46,Impressionism
https://artresearch.net/resource/frick/work/991004478279707141,http://vocab.getty.edu/ulan/500010363,Édouard Manet,1878,1832,46,Impressionism
https://artresearch.net/resource/frick/work/991001431699707141,http://vocab.getty.edu/ulan/500014469,Samuel Butler,1878,1835,43,
https://artresearch.net/resource/frick/work/991013496149707141,http://vocab.getty.edu/ulan/500016666,Henry Rankin Poore,1879,1859,20,
https://artresearch.net/resource/frick/work/991005441599707141,http://www.wikidata.org/entity/Q1537338,Gonzalo Carrasco Espinosa,1879,1859,20,
https://artresearch.net/resource/frick/work/991002334279707141,http://vocab.getty.edu/ulan/500016057,William Strang,1879,1859,20,
https://artresearch.net/resource/frick/work/991007352819707141,http://vocab.getty.edu/ulan/500018088,Childe Hassam,1879,1859,20,Impressionism
https://artresearch.net/resource/frick/work/991003809989707141,http://vocab.getty.edu/ulan/500004793,Paul Cézanne,1879,1839,40,Post-impressionism
https://artresearch.net/resource/frick/work/991003810149707141,http://vocab.getty.edu/ulan/500004793,Paul Cézanne,1879,1839,40,Post-impressionism
https://artresearch.net/resource/frick/work/991003811129707141,http://vocab.getty.edu/ulan/500004793,Paul Cézanne,1879,1839,40,Post-impressionism
https://artresearch.net/resource/frick/work/991003812049707141,http://vocab.getty.edu/ulan/500004793,Paul Cézanne,1879,1839,40,Post-impressionism
https://artresearch.net/resource/frick/work/991013508059707141,http://vocab.getty.edu/ulan/500031447,Gari Melchers,1880,1860,20,Naturalism
https://artresearch.net/resource/frick/work/991005365769707141,http://vocab.getty.edu/ulan/500002927,Anders Zorn,1880,1860,20,Impressionism
https://artresearch.net/resource/frick/work/991013498679707141,http://vocab.getty.edu/ulan/500060352,William J. Whittemore,1880,1860,20,
https://artresearch.net/resource/frick/work/991004908739707141,http://vocab.getty.edu/ulan/500029114,Henri de Toulouse-Lautrec,1880,1864,16,Post-impressionism
https://artresearch.net/resource/frick/work/991003239929707141,http://vocab.getty.edu/ulan/500003772,Hans Thoma,1880,1839,41,Symbolism
https://artresearch.net/resource/frick/work/991003239879707141,http://vocab.getty.edu/ulan/500003772,Hans Thoma,1880,1839,41,Symbolism
https://artresearch.net/resource/frick/work/991007934879707141,http://vocab.getty.edu/ulan/500002849,John Kane,1880,1860,20,Naïve art
https://artresearch.net/resource/frick/work/991013497209707141,http://vocab.getty.edu/ulan/500030155,Irving Ramsey Wiles,1881,1861,20,
https://artresearch.net/resource/frick/work/991000950849707141,http://vocab.getty.edu/ulan/500030155,Irving Ramsey Wiles,1881,1861,20,
https://artresearch.net/resource/frick/work/991008784699707141,http://vocab.getty.edu/ulan/500030155,Irving Ramsey Wiles,1881,1861,20,
https://artresearch.net/resource/frick/work/991004695259707141,http://vocab.getty.edu/ulan/500015751,Lucien Simon,1881,1861,20,
https://artresearch.net/resource/frick/work/991013508139707141,http://vocab.getty.edu/ulan/500010898,Frederick Judd Waugh,1881,1861,20,
https://artresearch.net/resource/frick/work/991002236599707141,http://vocab.getty.edu/ulan/500001679,James Nasmyth,1881,1808,73,
https://artresearch.net/resource/frick/work/991013505599707141,http://vocab.getty.edu/ulan/500026137,Frank Weston Benson,1882,1862,20,Impressionism
https://artresearch.net/resource/frick/work/991013100179707141,http://vocab.getty.edu/ulan/500025696,Edmund Charles Tarbell,1882,1862,20,Impressionism
https://artresearch.net/resource/frick/work/991004602539707141,http://vocab.getty.edu/ulan/500029669,Berthe Morisot,1882,1841,41,Impressionism
https://artresearch.net/resource/frick/work/991013508049707141,http://vocab.getty.edu/ulan/500025696,Edmund Charles Tarbell,1882,1862,20,Impressionism
https://artresearch.net/resource/frick/work/991002280239707141,http://vocab.getty.edu/ulan/500027327,Antoine Plamondon,1882,1804,78,
https://artresearch.net/resource/frick/work/991002298359707141,http://vocab.getty.edu/ulan/500020950,Charles Haslewood Shannon,1883,1863,20,
https://artresearch.net/resource/frick/work/991008324759707141,http://vocab.getty.edu/ulan/500018573,Albert Edward Sterner,1883,1863,20,
https://artresearch.net/resource/frick/work/991003811939707141,http://vocab.getty.edu/ulan/500004793,Paul Cézanne,1883,1839,44,Post-impressionism
https://artresearch.net/resource/frick/work/991013508129707141,http://vocab.getty.edu/ulan/500018573,Albert Edward Sterner,1883,1863,20,
https://artresearch.net/resource/frick/work/991008054829707141,http://vocab.getty.edu/ulan/500031496,Frederick William MacMonnies,1883,1863,20,
https://artresearch.net/resource/frick/work/991005324269707141,http://vocab.getty.edu/ulan/500014227,Marie Bashkirtseva,1883,1860,23,French realism
https://artresearch.net/resource/frick/work/991013300629707141,http://vocab.getty.edu/ulan/500018256,Joaquín Sorolla,1883,1863,20,Impressionism
https://artresearch.net/resource/frick/work/991013300599707141,http://vocab.getty.edu/ulan/500018256,Joaquín Sorolla,1883,1863,20,Impressionism
https://artresearch.net/resource/frick/work/991002205559707141,http://vocab.getty.edu/ulan/500023489,Phil May,1884,1864,20,
https://artresearch.net/resource/frick/work/991004914129707141,http://vocab.getty.edu/ulan/500029114,Henri de Toulouse-Lautrec,1884,1864,20,Post-impressionism
https://artresearch.net/resource/frick/work/991001429479707141,http://vocab.getty.edu/ulan/500019355,Rupert Bunny,1884,1864,20,
https://artresearch.net/resource/frick/work/991005421869707141,http://vocab.getty.edu/ulan/500002294,István Csók,1885,1865,20,
https://artresearch.net/resource/frick/work/991007131899707141,http://www.wikidata.org/entity/Q37974034,John Ward Dunsmore,1885,1856,29,
https://artresearch.net/resource/frick/work/991007089799707141,http://vocab.getty.edu/ulan/500003170,Thomas Cromwell Corner,1885,1865,20,
https://artresearch.net/resource/frick/work/991007132029707141,http://www.wikidata.org/entity/Q37974034,John Ward Dunsmore,1885,1856,29,
https://artresearch.net/resource/frick/work/991013682817907141,http://vocab.getty.edu/ulan/500005486,Robert Henri,1885,1865,20,Ashcan school
https://artresearch.net/resource/frick/work/991001526269707141,http://vocab.getty.edu/ulan/500030133,Joseph Farquharson,1885,1846,39,
https://artresearch.net/resource/frick/work/991000139089707141,http://vocab.getty.edu/ulan/500115588,Vincent van Gogh,1886,1853,33,Expressionism
https://artresearch.net/resource/frick/work/991000138989707141,http://vocab.getty.edu/ulan/500115588,Vincent van Gogh,1886,1853,33,Expressionism
https://artresearch.net/resource/frick/work/991000139309707141,http://vocab.getty.edu/ulan/500115588,Vincent van Gogh,1886,1853,33,Expressionism
https://artresearch.net/resource/frick/work/991000138949707141,http://vocab.getty.edu/ulan/500115588,Vincent van Gogh,1886,1853,33,Expressionism
https://artresearch.net/resource/frick/work/991000138869707141,http://vocab.getty.edu/ulan/500115588,Vincent van Gogh,1886,1853,33,Expressionism
https://artresearch.net/resource/frick/work/991001542759707141,http://vocab.getty.edu/ulan/500005106,Roger Fry,1886,1866,20,Bloomsbury group
https://artresearch.net/resource/frick/work/991008566899707141,http://vocab.getty.edu/ulan/500016767,Jerome Myers,1887,1867,20,Ashcan school
https://artresearch.net/resource/frick/work/991011773029707141,http://vocab.getty.edu/ulan/500115588,Vincent van Gogh,1887,1853,34,Expressionism
https://artresearch.net/resource/frick/work/991008566829707141,http://vocab.getty.edu/ulan/500016767,Jerome Myers,1887,1867,20,Ashcan school
https://artresearch.net/resource/frick/work/991011771129707141,http://vocab.getty.edu/ulan/500115588,Vincent van Gogh,1887,1853,34,Expressionism
https://artresearch.net/resource/frick/work/991008566929707141,http://vocab.getty.edu/ulan/500016767,Jerome Myers,1887,1867,20,Ashcan school
https://artresearch.net/resource/frick/work/991004647339707141,http://vocab.getty.edu/ulan/500001924,Camille Pissarro,1888,1830,58,Impressionism
https://artresearch.net/resource/frick/work/991006936529707141,http://vocab.getty.edu/ulan/500017476,Max Bohm,1888,1868,20,Etaples art colony
https://artresearch.net/resource/frick/work/991004958799707141,http://vocab.getty.edu/ulan/500014954,Édouard Vuillard,1888,1868,20,Post-impressionism
https://artresearch.net/resource/frick/work/991003985709707141,http://vocab.getty.edu/ulan/500011421,Paul Gauguin,1888,1848,40,Impressionism
https://artresearch.net/resource/frick/work/991004958879707141,http://vocab.getty.edu/ulan/500014954,Édouard Vuillard,1888,1868,20,Post-impressionism
https://artresearch.net/resource/frick/work/991004530999707141,http://vocab.getty.edu/ulan/500001155,Jean-Louis-Ernest Meissonier,1889,1815,74,Academic art
https://artresearch.net/resource/frick/work/991013192229707141,http://vocab.getty.edu/ulan/500008685,Eastman Johnson,1889,1824,65,
https://artresearch.net/resource/frick/work/991002355729707141,http://vocab.getty.edu/ulan/500006194,John Tenniel,1889,1820,69,
https://artresearch.net/resource/frick/work/991000138499707141,http://vocab.getty.edu/ulan/500115588,Vincent van Gogh,1889,1853,36,Expressionism
https://artresearch.net/resource/frick/work/991003559279707141,http://vocab.getty.edu/ulan/500012248,Albert André,1889,1869,20,Post-impressionism
https://artresearch.net/resource/frick/work/991000139069707141,http://vocab.getty.edu/ulan/500115588,Vincent van Gogh,1889,1853,36,Expressionism
https://artresearch.net/resource/frick/work/991002947569707141,http://vocab.getty.edu/ulan/500015091,Ignacio Zuloaga,1890,1870,20,
https://artresearch.net/resource/frick/work/991013326689707141,http://vocab.getty.edu/ulan/500017937,Daniel Huntington,1891,1816,75,
https://artresearch.net/resource/frick/work/991005516009707141,http://vocab.getty.edu/ulan/500002067,René Victor Auberjonois,1892,1872,20,Post-impressionism
https://artresearch.net/resource/frick/work/991002015739707141,http://vocab.getty.edu/ulan/500005992,William Rothenstein,1892,1872,20,
https://artresearch.net/resource/frick/work/991002198069707141,http://vocab.getty.edu/ulan/500006179,William McTaggart,1892,1835,57,
https://artresearch.net/resource/frick/work/991004721609707141,http://vocab.getty.edu/ulan/500024166,Raoul Dufy,1892,1877,15,Fauvism
https://artresearch.net/resource/pmc/work/494412,http://vocab.getty.edu/ulan/500031787,Henry Simpson,1893,1853,40,
https://artresearch.net/resource/frick/work/991005451959707141,http://vocab.getty.edu/ulan/500000889,José María Velasco Gómez Obregón,1894,1840,54,
https://artresearch.net/resource/frick/work/991004185359707141,http://vocab.getty.edu/ulan/500007077,Pierre Laprade,1895,1875,20,
https://artresearch.net/resource/frick/work/991003655249707141,http://vocab.getty.edu/ulan/500011205,William-Adolphe Bouguereau,1895,1825,70,Pont-aven school
https://artresearch.net/resource/frick/work/991004494779707141,http://vocab.getty.edu/ulan/500022386,Albert Marquet,1895,1875,20,Fauvism
https://artresearch.net/resource/frick/work/991012018919707141,http://vocab.getty.edu/ulan/500009240,Gwen John,1896,1876,20,
https://artresearch.net/resource/frick/work/991012706849707141,http://vocab.getty.edu/ulan/500010443,Oscar Ghiglia,1896,1876,20,
https://artresearch.net/resource/frick/work/991001875599707141,http://vocab.getty.edu/ulan/500009240,Gwen John,1896,1876,20,
https://artresearch.net/resource/frick/work/991007207859707141,http://vocab.getty.edu/ulan/500030951,Louis Eilshemius,1896,1864,32,Modern art
https://artresearch.net/resource/frick/work/991005471499707141,http://vocab.getty.edu/ulan/500009636,Erik Werenskiold,1897,1855,42,
https://artresearch.net/resource/frick/work/991007466049707141,http://vocab.getty.edu/ulan/500012910,Marsden Hartley,1897,1877,20,Dada
https://artresearch.net/resource/frick/work/991005195559707141,http://vocab.getty.edu/ulan/500115467,Pierre-Auguste Renoir,1897,1841,56,Impressionism
https://artresearch.net/resource/frick/work/991002261799707141,http://vocab.getty.edu/ulan/500012943,William Orpen,1898,1878,20,
https://artresearch.net/resource/frick/work/991013391269707141,http://vocab.getty.edu/ulan/500018892,Augustus John,1898,1878,20,Post-impressionism
https://artresearch.net/resource/frick/work/991006949859707141,http://www.wikidata.org/entity/Q15454754,James Britton,1898,1878,20,
https://artresearch.net/resource/frick/work/991003244759707141,http://vocab.getty.edu/ulan/500014912,Fritz von Uhde,1898,1848,50,Impressionism
https://artresearch.net/resource/frick/work/991002259249707141,http://vocab.getty.edu/ulan/500012943,William Orpen,1898,1878,20,
https://artresearch.net/resource/frick/work/991008054889707141,http://vocab.getty.edu/ulan/500031496,Frederick William MacMonnies,1898,1863,35,
https://artresearch.net/resource/frick/work/991001860409707141,http://vocab.getty.edu/ulan/500018892,Augustus John,1898,1878,20,Post-impressionism
https://artresearch.net/resource/frick/work/991012967639707141,http://vocab.getty.edu/ulan/500012943,William Orpen,1898,1878,20,
https://artresearch.net/resource/frick/work/991002461429707141,http://vocab.getty.edu/ulan/500031212,Edward Hopper,1899,1882,17,American scene painting
https://artresearch.net/resource/frick/work/991013121219707141,http://vocab.getty.edu/ulan/500353466,Aldo Mazza,1900,1880,20,
https://artresearch.net/resource/frick/work/991003291969707141,http://vocab.getty.edu/ulan/500009666,Pablo Picasso,1900,1881,19,Surrealism
https://artresearch.net/resource/frick/work/991000230599707141,http://vocab.getty.edu/ulan/500015103,Bessie Potter Vonnoh,1900,1872,28,
https://artresearch.net/resource/frick/work/991002026899707141,http://vocab.getty.edu/ulan/500031212,Edward Hopper,1900,1882,18,American scene painting
https://artresearch.net/resource/frick/work/991003292169707141,http://vocab.getty.edu/ulan/500009666,Pablo Picasso,1901,1881,20,Surrealism
https://artresearch.net/resource/frick/work/991005374079707141,http://vocab.getty.edu/ulan/500093190,Eugène Jansson,1901,1862,39,
https://artresearch.net/resource/frick/work/991003284639707141,http://vocab.getty.edu/ulan/500009666,Pablo Picasso,1901,1881,20,Surrealism
https://artresearch.net/resource/frick/work/991011209499707141,http://vocab.getty.edu/ulan/500031212,Edward Hopper,1902,1882,20,American scene painting
https://artresearch.net/resource/frick/work/991013277469707141,http://vocab.getty.edu/ulan/500097931,Carlo Siviero,1902,1882,20,
https://artresearch.net/resource/frick/work/991005121259707141,http://vocab.getty.edu/ulan/500003373,Victor Hammer,1902,1882,20,
https://artresearch.net/resource/frick/work/991005121299707141,http://vocab.getty.edu/ulan/500003373,Victor Hammer,1902,1882,20,
https://artresearch.net/resource/frick/work/991004206189707141,http://vocab.getty.edu/ulan/500011424,Marie Laurencin,1903,1883,20,Cubism
https://artresearch.net/resource/frick/work/991003689129707141,http://vocab.getty.edu/ulan/500024562,Camille Bombois,1903,1883,20,
https://artresearch.net/resource/frick/work/991004856199707141,http://vocab.getty.edu/ulan/500001924,Camille Pissarro,1903,1830,73,Impressionism
https://artresearch.net/resource/frick/work/991004204249707141,http://vocab.getty.edu/ulan/500011424,Marie Laurencin,1903,1883,20,Cubism
https://artresearch.net/resource/frick/work/991005434459707141,http://vocab.getty.edu/ulan/500012316,José Clemente Orozco,1903,1883,20,
https://artresearch.net/resource/frick/work/991013507969707141,http://vocab.getty.edu/ulan/500003881,Eugene Speicher,1903,1883,20,
https://artresearch.net/resource/frick/work/991002127139707141,http://vocab.getty.edu/ulan/500015467,Henry Lamb,1903,1883,20,
https://artresearch.net/resource/frick/work/991002192529707141,http://vocab.getty.edu/ulan/500021439,James McBey,1903,1883,20,
https://artresearch.net/resource/frick/work/991004167799707141,http://vocab.getty.edu/ulan/500013022,Roger de La Fresnaye,1904,1885,19,Cubism
https://artresearch.net/resource/frick/work/991004609939707141,http://www.wikidata.org/entity/Q22003258,William Malherbe,1904,1884,20,
https://artresearch.net/resource/frick/work/991008630029707141,http://vocab.getty.edu/ulan/500124326,Waldo Peirce,1904,1884,20,
https://artresearch.net/resource/frick/work/991006103799707141,http://vocab.getty.edu/ulan/500024236,Malvina Hoffman,1905,1887,18,
https://artresearch.net/resource/frick/work/991004455879707141,http://vocab.getty.edu/ulan/500003416,André Lhote,1905,1885,20,
https://artresearch.net/resource/frick/work/991013680914607141,http://vocab.getty.edu/ulan/500000315,John George Brown,1905,1831,74,
https://artresearch.net/resource/frick/work/991005360039707141,http://vocab.getty.edu/ulan/500006371,Carl Larsson,1906,1853,53,Arts and crafts movement
https://artresearch.net/resource/frick/work/991010681059707141,http://vocab.getty.edu/ulan/500017300,Henri Matisse,1906,1869,37,Impressionism
https://artresearch.net/resource/frick/work/991008230979707141,http://vocab.getty.edu/ulan/500032610,Leopold Seyffert,1907,1887,20,
https://artresearch.net/resource/frick/work/991008012239707141,http://vocab.getty.edu/ulan/500015760,Henry Mattson,1907,1887,20,
https://artresearch.net/resource/frick/work/991008642639707141,http://vocab.getty.edu/ulan/500006032,Henry Varnum Poor,1907,1887,20,
https://artresearch.net/resource/frick/work/991008012339707141,http://vocab.getty.edu/ulan/500015760,Henry Mattson,1907,1887,20,
https://artresearch.net/resource/frick/work/991008012299707141,http://vocab.getty.edu/ulan/500015760,Henry Mattson,1907,1887,20,
https://artresearch.net/resource/frick/work/991000700139707141,http://vocab.getty.edu/ulan/500014676,Emile Claus,1907,1849,58,
https://artresearch.net/resource/frick/work/991008642669707141,http://vocab.getty.edu/ulan/500006032,Henry Varnum Poor,1907,1887,20,
https://artresearch.net/resource/frick/work/991008642729707141,http://vocab.getty.edu/ulan/500006032,Henry Varnum Poor,1907,1887,20,
https://artresearch.net/resource/frick/work/991001826649707141,http://vocab.getty.edu/ulan/500032470,John Collier,1907,1850,57,Pre-raphaelite brotherhood
https://artresearch.net/resource/frick/work/991004695309707141,http://vocab.getty.edu/ulan/500015751,Lucien Simon,1908,1861,47,
https://artresearch.net/resource/frick/work/991012513529707141,http://vocab.getty.edu/ulan/500032635,Giorgio de Chirico,1908,1888,20,Metaphysical painting
https://artresearch.net/resource/frick/work/991000221219707141,http://vocab.getty.edu/ulan/500012980,Jozef Israëls,1908,1824,84,Hague school
https://artresearch.net/resource/frick/work/991012513499707141,http://vocab.getty.edu/ulan/500032635,Giorgio de Chirico,1908,1888,20,Metaphysical painting
https://artresearch.net/resource/frick/work/991012283709707141,http://vocab.getty.edu/ulan/500012624,Umberto Boccioni,1908,1882,26,Futurism
https://artresearch.net/resource/frick/work/991002942369707141,http://vocab.getty.edu/ulan/500115679,Miguel Viladrich Vilà,1909,1887,22,
https://artresearch.net/resource/frick/work/991005338009707141,http://www.wikidata.org/entity/Q1675840,Ivy Low Litvinov,1909,1889,20,
https://artresearch.net/resource/frick/work/991005195609707141,http://vocab.getty.edu/ulan/500115467,Pierre-Auguste Renoir,1910,1841,69,Impressionism
https://artresearch.net/resource/frick/work/991002365949707141,http://vocab.getty.edu/ulan/500034817,Phoebe Anna Traquair,1911,1852,59,
https://artresearch.net/resource/frick/work/991007166069707141,http://vocab.getty.edu/ulan/500100022,Jose Moya del Pino,1911,1891,20,
https://artresearch.net/resource/frick/work/991002323779707141,http://vocab.getty.edu/ulan/500023258,Gilbert Spencer,1911,1892,19,
https://artresearch.net/resource/frick/work/991013381899707141,http://vocab.getty.edu/ulan/500012582,Lorenzo Viani,1911,1882,29,Expressionism
https://artresearch.net/resource/frick/work/991002519669707141,http://vocab.getty.edu/ulan/500010537,Dod Procter,1911,1890,21,
https://artresearch.net/resource/frick/work/991001912709707141,http://vocab.getty.edu/ulan/500023836,Philip de László,1911,1869,42,
https://artresearch.net/resource/frick/work/991005276419707141,http://vocab.getty.edu/ulan/500000827,Vilhelm Hammershøi,1911,1864,47,
https://artresearch.net/resource/frick/work/991001913819707141,http://vocab.getty.edu/ulan/500023836,Philip de László,1911,1869,42,
https://artresearch.net/resource/frick/work/991003229819707141,http://vocab.getty.edu/ulan/500016886,Ludwig Meidner,1912,1884,28,Expressionism
https://artresearch.net/resource/frick/work/991001483679707141,http://vocab.getty.edu/ulan/500021917,Alfred East,1912,1844,68,
https://artresearch.net/resource/frick/work/991008711789707141,http://vocab.getty.edu/ulan/500001444,Walter Ufer,1912,1876,36,
https://artresearch.net/resource/frick/work/991008690979707141,http://vocab.getty.edu/ulan/500072427,James Thurber,1914,1894,20,
https://artresearch.net/resource/frick/work/991007232839707141,http://vocab.getty.edu/ulan/500000832,Ernest Fiene,1914,1894,20,
https://artresearch.net/resource/frick/work/991002358779707141,http://vocab.getty.edu/ulan/500020290,Alfred Thomson,1914,1894,20,
https://artresearch.net/resource/frick/work/991005215489707141,http://vocab.getty.edu/ulan/500115467,Pierre-Auguste Renoir,1915,1841,74,Impressionism
https://artresearch.net/resource/frick/work/991006793769707141,http://vocab.getty.edu/ulan/500025995,William Auerbach-Levy,1915,1889,26,
https://artresearch.net/resource/frick/work/991007935259707141,http://vocab.getty.edu/ulan/500007201,Morris Kantor,1916,1896,20,Cubism
https://artresearch.net/resource/frick/work/991005487259707141,http://vocab.getty.edu/ulan/500004834,Zygmunt Menkes,1916,1896,20,School of paris
https://artresearch.net/resource/frick/work/991003198829707141,http://vocab.getty.edu/ulan/500115690,Max Liebermann,1916,1847,69,Impressionism
https://artresearch.net/resource/frick/work/991003049199707141,http://vocab.getty.edu/ulan/500014094,Joan Miró,1917,1893,24,Surrealism
https://artresearch.net/resource/frick/work/991005485969707141,http://vocab.getty.edu/ulan/500025431,Rajmund Kanelba,1917,1897,20,
https://artresearch.net/resource/frick/work/991002015929707141,http://vocab.getty.edu/ulan/500005992,William Rothenstein,1917,1872,45,
https://artresearch.net/resource/frick/work/991005318419707141,http://vocab.getty.edu/ulan/500115354,Marc Chagall,1917,1887,30,Expressionism
https://artresearch.net/resource/frick/work/991005339169707141,http://vocab.getty.edu/ulan/500024221,Abraham Mintchine,1918,1898,20,
https://artresearch.net/resource/frick/work/991007489899707141,http://vocab.getty.edu/ulan/500007030,Alexandre Hogue,1918,1898,20,
https://artresearch.net/resource/frick/work/991007315079707141,http://vocab.getty.edu/ulan/500050717,George Gershwin,1918,1898,20,
https://artresearch.net/resource/frick/work/991008296259707141,http://vocab.getty.edu/ulan/500005190,Katherine Schmidt,1918,1899,19,
https://artresearch.net/resource/frick/work/991002153349707141,http://vocab.getty.edu/ulan/500002889,Ambrose McEvoy,1919,1878,41,
https://artresearch.net/resource/frick/work/991008318479707141,http://vocab.getty.edu/ulan/500009897,Raphael Soyer,1919,1899,20,Social realism
https://artresearch.net/resource/frick/work/991008565549707141,http://www.wikidata.org/entity/Q5487115,Frank Harmon Myers,1919,1899,20,
https://artresearch.net/resource/frick/work/991002334369707141,http://vocab.getty.edu/ulan/500016057,William Strang,1919,1859,60,
https://artresearch.net/resource/frick/work/991008318519707141,http://vocab.getty.edu/ulan/500009897,Raphael Soyer,1919,1899,20,Social realism
https://artresearch.net/resource/frick/work/991013021849707141,http://vocab.getty.edu/ulan/500026509,Amedeo Modigliani,1919,1884,35,Modern art
https://artresearch.net/resource/frick/work/991002076379707141,http://vocab.getty.edu/ulan/500019703,Philip Wilson Steer,1920,1860,60,Impressionism
https://artresearch.net/resource/frick/work/991004636409707141,http://vocab.getty.edu/ulan/500020193,Luc Albert Moreau,1920,1882,38,
https://artresearch.net/resource/frick/work/991013682035307141,http://vocab.getty.edu/ulan/500018804,Gladys Rockmore Davis,1921,1901,20,Impressionism
https://artresearch.net/resource/frick/work/991004161849707141,http://vocab.getty.edu/ulan/500027290,Moïse Kisling,1921,1891,30,School of paris
https://artresearch.net/resource/frick/work/991004377619707141,http://vocab.getty.edu/ulan/500032673,Maurice Denis,1921,1870,51,Symbolism
https://artresearch.net/resource/frick/work/991003671559707141,http://vocab.getty.edu/ulan/500003676,André Bauchant,1922,1873,49,
https://artresearch.net/resource/frick/work/991001013739707141,http://vocab.getty.edu/ulan/500115211,Jean-Louis Forain,1922,1852,70,
https://artresearch.net/resource/frick/work/991011353499707141,http://vocab.getty.edu/ulan/500014869,Mark Rothko,1923,1903,20,Abstract expressionism
https://artresearch.net/resource/frick/work/991003323409707141,http://vocab.getty.edu/ulan/500115384,Lovis Corinth,1923,1858,65,Impressionism
https://artresearch.net/resource/frick/work/991005440139707141,http://vocab.getty.edu/ulan/500118526,Abraham Ángel,1923,1905,18,
https://artresearch.net/resource/frick/work/991006922759707141,http://vocab.getty.edu/ulan/500012636,Edward Biberman,1924,1904,20,Modernism
https://artresearch.net/resource/frick/work/991012188419707141,http://vocab.getty.edu/ulan/500000644,Italico Brass,1924,1870,54,
https://artresearch.net/resource/frick/work/991013686168707141,http://vocab.getty.edu/ulan/500021392,Arshile Gorky,1924,1904,20,Modern art
https://artresearch.net/resource/frick/work/991005341459707141,http://vocab.getty.edu/ulan/500025736,Leonid Pasternak,1925,1862,63,Post-impressionism
https://artresearch.net/resource/frick/work/991005465859707141,http://vocab.getty.edu/ulan/500032949,Edvard Munch,1925,1863,62,Expressionism
https://artresearch.net/resource/frick/work/991003975169707141,http://vocab.getty.edu/ulan/500031339,Othon Friesz,1925,1879,46,Fauvism
https://artresearch.net/resource/frick/work/991007221369707141,http://www.wikidata.org/entity/Q5372657,Emlen Etting,1925,1905,20,
https://artresearch.net/resource/frick/work/991003198979707141,http://vocab.getty.edu/ulan/500115690,Max Liebermann,1925,1847,78,Impressionism
https://artresearch.net/resource/frick/work/991001401789707141,http://vocab.getty.edu/ulan/500043396,Pamela Bianco,1926,1906,20,
https://artresearch.net/resource/frick/work/991007331129707141,http://vocab.getty.edu/ulan/500199245,Bernhard Gutmann,1927,1869,58,
https://artresearch.net/resource/frick/work/991003158399707141,http://vocab.getty.edu/ulan/500024106,Max Beckmann,1927,1884,43,Expressionism
https://artresearch.net/resource/frick/work/991005439189707141,http://vocab.getty.edu/ulan/500025126,Diego Rivera,1927,1886,41,Mexican muralism
https://artresearch.net/resource/frick/work/991005434219707141,http://vocab.getty.edu/ulan/500012316,José Clemente Orozco,1928,1883,45,
https://artresearch.net/resource/frick/work/991004662829707141,http://www.wikidata.org/entity/Q6050,Anna de Noailles,1928,1876,52,
https://artresearch.net/resource/frick/work/991008656569707141,http://vocab.getty.edu/ulan/500024236,Malvina Hoffman,1929,1887,42,
https://artresearch.net/resource/frick/work/991005516359707141,http://vocab.getty.edu/ulan/500031051,François Barraud,1930,1899,31,
https://artresearch.net/resource/frick/work/991008048079707141,http://vocab.getty.edu/ulan/500125590,John McCrady,1931,1911,20,Regionalism
https://artresearch.net/resource/frick/work/991005490569707141,http://vocab.getty.edu/ulan/500093079,Zygmunt Waliszewski,1932,1897,35,
https://artresearch.net/resource/frick/work/991005445279707141,http://vocab.getty.edu/ulan/500125046,María Izquierdo,1933,1902,31,
https://artresearch.net/resource/frick/work/991011985239707141,http://vocab.getty.edu/ulan/500016727,Reginald Marsh,1933,1898,35,Social realism
https://artresearch.net/resource/frick/work/991003188049707141,http://vocab.getty.edu/ulan/500016751,Käthe Kollwitz,1934,1867,67,Expressionism
https://artresearch.net/resource/frick/work/991007061619707141,http://vocab.getty.edu/ulan/500009576,Federico Castellón,1934,1914,20,
https://artresearch.net/resource/frick/work/991007099459707141,http://www.wikidata.org/entity/Q97582479,Theodore Czebotar,1935,1915,20,
https://artresearch.net/resource/frick/work/991013122129707141,http://vocab.getty.edu/ulan/500014367,Priscilla Roberts,1936,1916,20,
https://artresearch.net/resource/frick/work/991004511649707141,http://vocab.getty.edu/ulan/500017300,Henri Matisse,1937,1869,68,Impressionism
https://artresearch.net/resource/frick/work/991005146239707141,http://vocab.getty.edu/ulan/500022426,Candido Portinari,1939,1903,36,Modern art
https://artresearch.net/resource/frick/work/991005447299707141,http://vocab.getty.edu/ulan/500062895,Guillermo Meza Álvarez,1940,1917,23,
https://artresearch.net/resource/frick/work/991005446129707141,http://vocab.getty.edu/ulan/500030701,Frida Kahlo,1940,1907,33,Surrealism
https://artresearch.net/resource/frick/work/991005434279707141,http://vocab.getty.edu/ulan/500012316,José Clemente Orozco,1940,1883,57,
https://artresearch.net/resource/frick/work/991005149849707141,http://vocab.getty.edu/ulan/500118844,José Pancetti,1941,1902,39,
https://artresearch.net/resource/frick/work/991005491569707141,http://vocab.getty.edu/ulan/500106110,Aleksander Żyw,1944,1905,39,
https://artresearch.net/resource/frick/work/991004511449707141,http://vocab.getty.edu/ulan/500017300,Henri Matisse,1945,1869,76,Impressionism
https://artresearch.net/resource/frick/work/991012344959707141,http://vocab.getty.edu/ulan/500001724,Pietro Annigoni,1946,1910,36,Realism
https://artresearch.net/resource/frick/work/991006825679707141,http://vocab.getty.edu/ulan/500005998,Thomas Hart Benton,1974,1889,85,Regionalism
https://artresearch.net/resource/frick/work/991006824459707141,http://vocab.getty.edu/ulan/500005998,Thomas Hart Benton,1974,1889,85,Regionalism
